ppl,position,image,title,link
Bill Clinton,1,https://hips.hearstapps.com/hmg-prod/images/gettyimages-605917960-copy.jpg?resize=1200:*,Bill Clinton,https://lassho.edu.vn/bill-clinton/
Bill Clinton,2,https://d.newsweek.com/en/full/2334596/bill-clinton.jpg?w=1200&f=4cfedef706827bcd7e3d5317a03d7e77,Fact Check: Does Video Show Bill Clinton Booed During Recent Speech ...,https://www.newsweek.com/was-bill-clinton-booed-recent-speech-following-jeffrey-epstein-ghislaine-maxwell-documents-1859906
Bill Clinton,3,https://static.independent.co.uk/2023/03/14/16/6220366a2c268bd2c835e7b856e81a5cY29udGVudHNlYXJjaGFwaSwxNjc4ODk0MzU5-2.38398450.jpg,Bill Clinton to visit Belfast for anniversary of Good Friday Agreement ...,https://www.independent.co.uk/news/uk/bill-clinton-hillary-clinton-belfast-joe-biden-university-b2300736.html
Bill Clinton,4,https://imagedelivery.net/wKQ19LTSBT0ARz08tkssqQ/www.courthousenews.com/2023/02/bill-clinton-east-room.jpg/w=3000,Bill Clinton back at White House to push paid family leave | Courthouse ...,https://www.courthousenews.com/bill-clinton-back-at-white-house-to-push-paid-family-leave/
Bill Clinton,5,https://i.natgeofe.com/k/e67672a2-454a-415e-aa3f-cf468b7b8b79/Clinton-Painting_Clinton-Profile_KIDS_0822_2x3.jpg,Bill Clinton Before And After Presidency,https://www.animalia-life.club/qa/pictures/bill-clinton-before-and-after-presidency.html
Bill Clinton,6,https://cdn.britannica.com/41/172741-138-647B3D53/overview-Bill-Clinton.jpg,President of the United States of America Bill Clinton | Britannica,https://www.britannica.com/video/172741/overview-Bill-Clinton
Bill Clinton,7,https://cdn.abcotvs.com/dip/images/15702038_bill-clinton-file-img.jpg?w=1600,Bill Clinton discharged from hospital after 1-day stay with the flu ...,https://abc7.com/post/bill-clinton-discharged-hospital-after-1-day-stay-flu/15702036/
Bill Clinton,8,https://images.mubicdn.net/images/cast_member/295/cache-58361-1454971148/image-w856.jpg,"Bill Clinton - Movies, Bio and Lists on MUBI",https://mubi.com/en/cast/bill-clinton
Bill Clinton,9,https://www.brown.edu/sites/g/files/dprerj316/files/wjc-portrait.jpg,42nd U.S. President Bill Clinton to visit Brown for public event on ...,https://www.brown.edu/news/2022-04-08/shearer
Bill Clinton,10,https://assets.editorial.aetnd.com/uploads/2009/11/gettyimages-51614036.jpg,"Bill Clinton ‑ Impeachment, Presidency & Monica Lewinsky",https://www.history.com/topics/us-presidents/bill-clinton
Bill Clinton,11,https://static01.nyt.com/images/2021/03/14/opinion/14Blow/14Blow-videoSixteenByNineJumbo1600.jpg,Bill Clinton President,https://ar.inspiredpencil.com/pictures-2023/bill-clinton-president
Bill Clinton,12,https://cdn.britannica.com/61/166261-050-34EC02D8/Bill-Clinton.jpg,"Bill Clinton - 42nd President, Economic Growth, Welfare Reform | Britannica",https://www.britannica.com/biography/Bill-Clinton/Presidency
Bill Clinton,13,https://phantom-marca.unidadeditorial.es/e3f8f8144e645b58f684b5d6d00e4413/crop/0x0/2044x1363/resize/1320/f/jpg/assets/multimedia/imagenes/2024/01/04/17043674889665.jpg,Jeffrey Epstein said Bill Clinton 'likes them young' and Prince Andrew ...,https://www.marca.com/en/lifestyle/us-news/2024/01/04/659695af22601d9b368b4574.html
Bill Clinton,14,http://images4.fanpop.com/image/photos/17600000/bill-clinton-bill-clinton-17640501-900-1202.jpg,bill clinton - Bill Clinton Photo (17640501) - Fanpop,http://www.fanpop.com/clubs/bill-clinton/images/17640501/title/bill-clinton-photo
Bill Clinton,15,https://mediaproxy.salon.com/width/1200/https://media2.salon.com/2024/08/bill-clinton-2167844402jpg.jpg,"Bill Clinton dubs Kamala Harris the ""president of joy"" at DNC | Salon.com",https://www.salon.com/2024/08/21/bill-clinton-dubs-kamala-harris-the-president-of-joy-at-dnc/
Bill Clinton,16,"https://media.cnn.com/api/v1/images/stellar/prod/211014213501-bill-clinton-american-flag-1998.jpg?q=w_3000,c_fill",Bill Clinton's life and career | CNN Politics,https://www.cnn.com/2014/10/04/politics/gallery/bill-clinton/index.html
Bill Clinton,17,https://pics.filmaffinity.com/bill_clinton-191450782642828-nm_large.jpg,Bill Clinton - FilmAffinity,https://www.filmaffinity.com/es/name.php?name-id=941476891
Bill Clinton,18,https://www.thelist.com/img/gallery/bill-clinton-blames-his-monica-lewinsky-affair-on-the-pressure-of-being-president/l-intro-1706702606.jpg,Bill Clinton Blames His Monica Lewinsky Affair On The Pressure Of Being ...,https://www.thelist.com/1506011/bill-clinton-blames-monica-lewinsky-affair-on-presidential-pressures/
Bill Clinton,19,https://cdn.ebs.newsner.com/wp-content/uploads/sites/11/2022/08/billclinton7-scaled.jpg,Bill Clinton and Hillary have been married for 46 years - she rejected ...,https://en.newsner.com/news/bill-clinton-hillary-children-family-marriage-wedding-today/
Bill Clinton,20,https://assets.bwbx.io/images/users/iqjWHBFdfxIU/i8u.m8krVuOA/v3/1200x857.jpg,Bill Clinton Returns to White House to Mark Family Leave Law - Bloomberg,https://www.bloomberg.com/news/articles/2023-02-02/bill-clinton-returns-to-white-house-to-mark-family-leave-law
George Soros,1,https://a57.foxnews.com/static.foxnews.com/foxnews.com/content/uploads/2023/04/1200/675/GettyImages-1195517958.jpg?ve=1&tl=1,George Soros' son has visited White House more than a dozen times since ...,https://www.foxnews.com/politics/george-soros-son-visited-white-house-dozen-times-since-biden-took-office-records-show
George Soros,2,https://cdn.cnn.com/cnnnext/dam/assets/190530071031-01-george-soros-file-full-169.jpg,George Soros Fast Facts - CNN,https://edition.cnn.com/2013/05/27/world/george-soros-fast-facts/index.html
George Soros,3,https://static01.nyt.com/images/2023/04/04/multimedia/04pol-soros-lgqv/04pol-soros-lgqv-superJumbo.jpg?quality=75&auto=webp,George Soros Is a Familiar Villain for the Right Wing in Trump's ...,https://www.nytimes.com/2023/04/04/us/politics/george-soros-bragg-trump.html
George Soros,4,https://s.wsj.net/public/resources/images/BN-VO479_1012SO_GR_20171012154324.jpg,"George Soros Transfers $18 Billion to His Foundation, Creating an ...",https://www.wsj.com/articles/george-soros-transfers-18-billion-to-his-foundation-creating-an-instant-giant-1508252926?mod=djemalertNEWS
George Soros,5,https://a57.foxnews.com/static.foxnews.com/foxnews.com/content/uploads/2022/11/1200/675/GettyImages-1240878635.jpg?ve=1&tl=1,George Soros can influence global media with ties to at least 253 ...,https://www.foxnews.com/media/george-soros-influence-global-media-least-253-organizations-study-finds
George Soros,6,https://www.washingtonpost.com/wp-apps/imrs.php?src=https://arc-anglerfish-washpost-prod-washpost.s3.amazonaws.com/public/NGH62X66BPPNPZUTWSRTKLGA5E.JPG&w=1200,Alex Soros takes over Open Society Foundation - The Washington Post,https://www.washingtonpost.com/business/2023/06/12/alex-soros-osf-father/
George Soros,7,https://cnnespanol.cnn.com/wp-content/uploads/2022/05/220525145619-cnne-dinero-soros-052522-full-169.jpg?quality=100&strip=info,George Soros lanza advertencia sobre la guerra de Putin,https://cnnespanol.cnn.com/video/george-soros-guerra-putin-rusia-ucrania-sociedad-davos-cnn-dinero/
George Soros,8,https://static01.nyt.com/images/2021/09/12/business/00soros-01/00soros-01-superJumbo.jpg?quality=75&auto=webp,George Soros Is Making Changes at His Foundation While He Still Can ...,https://www.nytimes.com/2021/09/12/business/george-soros-philanthropy-open-society-foundation.html
George Soros,9,https://static01.nyt.com/images/2020/04/16/nyregion/16nyvirus-soros/merlin_156803745_59820d79-c9f2-4e6d-a810-f7dfd31435f1-superJumbo.jpg?quality=90&auto=webp,George Soros's Foundation Pledges $130 Million in Coronavirus Relief ...,https://www.nytimes.com/2020/04/16/nyregion/george-soros-foundation-coronavirus.html
George Soros,10,https://static01.nyt.com/images/2018/10/31/us/politics/31dc-soros1/31dc-soros1-videoSixteenByNine3000.jpg?year=2018&h=1686&w=3000&s=a0357acfd947dd497235df228a45282cb21b97b2905366a1c8f5a907120a91ab&k=ZQJBKqZ0VN&tw=1,How Vilification of George Soros Moved From the Fringes to the ...,https://www.nytimes.com/2018/10/31/us/politics/george-soros-bombs-trump.html
George Soros,11,https://static01.nyt.com/images/2019/10/25/business/25db-newsletter-soros/merlin_156797733_d11f321d-2cab-40b7-8ce3-ead7ee4a0e5e-videoSixteenByNine3000.jpg?year=2019&h=1688&w=3000&sig=0xb0119c2bb4db89e87fe9f978180a221f&tw=1,George Soros Says Wall Street Won't Decide the 2020 Election - The New ...,https://www.nytimes.com/2019/10/25/business/dealbook/george-soros.html
George Soros,12,https://static01.nyt.com/images/2017/10/18/business/18SOROS1/18SOROS1-videoSixteenByNineJumbo1600-v2.jpg?year=2017&h=900&w=1600&sig=0x45efc74b9dcb4ec454454b936c3ca35f&tw=1,George Soros Transfers Billions to Open Society Foundations - The New ...,https://www.nytimes.com/2017/10/17/business/george-soros-open-society-foundations.html
George Soros,13,https://ichef.bbci.co.uk/news/640/cpsprodpb/CA98/production/_108646815_soros1993getty976976.jpg,Tại sao tỷ phú George Soros là ông kẹ của phe cực hữu? - BBC News Tiếng ...,https://www.bbc.com/vietnamese/magazine-49956418
George Soros,14,https://m.wsj.net/video/20120215/021512hubam13f/021512hubam13f_1280x720.jpg,What Does George Soros Know About Google?,https://www.wsj.com/video/what-does-george-soros-know-about-google/2C4998EF-0CC7-4762-8D5A-BA4903A58FD8
George Soros,15,https://static01.nyt.com/images/2019/10/25/business/25soros1/25soros1-videoSixteenByNine3000.jpg?year=2019&h=1687&w=3000&sig=0xb4b58074d452643f88485ca6d30affe0&tw=1,George Soros Has Enemies. He's Fine With That. - The New York Times,https://www.nytimes.com/2019/10/25/business/dealbook/george-soros-interview.html?pgtype=Homepage
George Soros,16,https://cdn.cnn.com/cnnnext/dam/assets/201116115530-george-soros-0123-super-tease.jpg,George Soros has stake in Palantir but already plans to sell it - CNN,https://edition.cnn.com/2020/11/16/investing/palantir-soros-third-point/index.html
George Soros,17,https://static01.nyt.com/images/2010/09/07/business/07gift/07gift-jumbo.jpg?quality=90&auto=webp,George Soros to Donate $100 Million to Human Rights Watch - The New ...,https://www.nytimes.com/2010/09/07/business/07gift.html
George Soros,18,https://d.newsweek.com/en/full/2044866/philanthropist-george-soros.jpg,George Soros Says Ukraine War May Be 'Beginning of World War 3' - Newsweek,https://www.newsweek.com/soros-davos-ww3-russia-ukraine-civilization-putin-1709848
George Soros,19,https://static01.nyt.com/images/2021/09/12/business/00soros-01/00soros-01-articleLarge.jpg?quality=75&auto=webp&disable=upscale,George Soros Is Making Changes at His Foundation While He Still Can ...,https://www.nytimes.com/2021/09/12/business/george-soros-philanthropy-open-society-foundation.html
George Soros,20,https://assets.bwbx.io/images/users/iqjWHBFdfxIU/iw0y7WCUoq00/v0/-1x-1.jpg,George Soros Open Society Foundations to End Most European Union ...,https://www.bloomberg.com/news/articles/2023-08-15/george-soros-open-society-foundations-to-end-most-european-union-operations
Alex Soros,1,"https://assets.vogue.com/photos/68508a974a9139a3a992431d/16:9/w_2580,c_limit/HumaandAlexWeddingJune14thCarlTimpone2-1.jpg?mbid=social_retweet",Huma Abedin and Alex Soros Are Married! Inside Their Wedding at Home in ...,https://www.vogue.com/slideshow/huma-abedin-and-alex-soros-wedding
Alex Soros,2,https://people.com/thmb/jFePSmCjzMtLHJibOu78BYiJLAw=/1500x0/filters:no_upscale():max_bytes(150000):strip_icc():focal(1042x359:1044x361)/alexander-soros-huma-abedin-relationship-main-061725-3287efaca9464bb2a1a23485d2318ff4.jpg,All About Alex Soros and Huma Abedin's Relationship,https://people.com/all-about-alex-soros-huma-abedin-relationship-11756033
Alex Soros,3,https://static01.nyt.com/images/2025/06/22/fashion/17ST-VOWS-SOROS-ABEDIN-hires/17ST-VOWS-SOROS-ABEDIN-hires-articleLarge.jpg?quality=75&auto=webp&disable=upscale,"Huma Abedin, Alex Soros Share Their Love Story and Wedding - The New ...",https://www.nytimes.com/2025/06/18/style/huma-abedin-alex-soros-wedding.html
Alex Soros,4,https://people.com/thmb/fj-xOY3TsKN7Z8Xjgke-EP50EZY=/4000x0/filters:no_upscale():max_bytes(150000):strip_icc():focal(728x222:730x224)/huma-abedin-alex-soros-2-061025-0ca804be757b4684bb910d9c0f624689.jpg,All the Celebrity Guests at Huma Abedin and Alex Soros' Wedding,https://people.com/celebrity-guests-huma-abedin-and-alex-soros-wedding-11751851
Alex Soros,5,https://static01.nyt.com/images/2025/06/14/multimedia/14pol-abedin-soros-new1-fqlv/14pol-abedin-soros-new1-fqlv-superJumbo.jpg?quality=75&auto=webp,Huma Abedin and Alex Soros Wedding Draws Clintons and Kamala Harris to ...,https://www.nytimes.com/2025/06/14/us/politics/huma-abedin-alex-soros-wedding-hillary-clinton-kamala-harris.html
Alex Soros,6,https://1a-1791.com/video/fww1/28/s8/1/p/m/r/W/pmrWy.qR4e-small-Alex-Soros-Accused-of-Black.jpg,"""Alex Soros Accused of Blackmailing DC Pedophiles Using Diddy Tapes ...",https://rumble.com/v6v9gjz-alex-soros-accused-of-blackmailing-dc-pedophiles-using-diddy-tapes-investig.html
Alex Soros,7,https://people.com/thmb/H-xNEfSCkydjK8GiMwh2Ei71SFs=/4000x0/filters:no_upscale():max_bytes(150000):strip_icc():focal(749x0:751x2)/Huma-Abedin-Alex-Sorosengaged-tout-071024--025157fcbd1747e38ec19f6648d460dd.jpg,"Huma Abedin, Alex Soros Host Hamptons Wedding Rehearsal",https://people.com/huma-abedin-alex-soros-host-hamptons-wedding-rehearsal-11754902
Alex Soros,8,https://people.com/thmb/T1BUuSBuHuSm2vmYZJ5EEgBwpH0=/4000x0/filters:no_upscale():max_bytes(150000):strip_icc():focal(599x0:601x2)/huma-abedin-alex-soros-4-061025-7c3413c2ce8645ae963c6033fb02a36c.jpg,All the Celebrity Guests at Huma Abedin and Alex Soros' Wedding,https://people.com/celebrity-guests-huma-abedin-and-alex-soros-wedding-11751851
Alex Soros,9,https://people.com/thmb/WRXH82RXK64Co-IeLbi7DRY_UK8=/4000x0/filters:no_upscale():max_bytes(150000):strip_icc():focal(499x0:501x2)/alex-soros-White-House-State-Dinner-for-Kenya50-05232024-13a23df9a84e44f79adeb0fb5209c28c.jpg,Huma Abedin and Alex Soros Are Married,https://people.com/huma-abedin-and-alex-soros-are-married-8737775
Alex Soros,10,https://factly.in/wp-content/uploads/2025/06/Rahul-Gandhi-at-Alex-Soros%E2%80%99s-wedding-Thumbnail.jpg,This viral photo claiming to show Rahul Gandhi at Alex Soros's wedding ...,https://factly.in/this-viral-photo-claiming-to-show-rahul-gandhi-at-alex-soross-wedding-is-ai-generated/
Alex Soros,11,https://en.protothema.gr/wp-content/uploads/2025/06/1-30-768x430.png,Alex Soros marries Hillary Clinton's top Aide Huma Abedin — See photos ...,https://en.protothema.gr/2025/06/16/alex-soros-marries-hillary-clintons-top-aide-huma-abedin-see-photos-from-the-lavish-southampton-wedding/
Alex Soros,12,https://people.com/thmb/5LebLb-2Z6YWSCaebacV3Juc6MY=/1500x0/filters:no_upscale():max_bytes(150000):strip_icc():focal(776x278:778x280)/huma-abedin-alex-soros-061025-54f0ba36a13c497fbc11636126cfe7f7.jpg,"Huma Abedin, Alex Soros Host Hamptons Wedding Rehearsal",https://people.com/huma-abedin-alex-soros-host-hamptons-wedding-rehearsal-11754902
Alex Soros,13,https://static01.nyt.com/images/2025/06/14/multimedia/14pol-abedin-soros-new1-fqlv/14pol-abedin-soros-new1-fqlv-articleLarge.jpg?quality=75&auto=webp,Huma Abedin and Alex Soros Wedding Draws Clintons and Kamala Harris to ...,https://www.nytimes.com/2025/06/14/us/politics/huma-abedin-alex-soros-wedding-hillary-clinton-kamala-harris.html
Alex Soros,14,https://people.com/thmb/BczsUHX_Rlzuyp1F2gX5lB81ZkA=/750x0/filters:no_upscale():max_bytes(150000):strip_icc():focal(776x278:778x280)/huma-abedin-alex-soros-061025-54f0ba36a13c497fbc11636126cfe7f7.jpg,"Huma Abedin, Alex Soros Host Hamptons Wedding Rehearsal",https://people.com/huma-abedin-alex-soros-host-hamptons-wedding-rehearsal-11754902
Alex Soros,15,https://people.com/thmb/L4-jYhzt7RnB7SwAOkNO3c8jwog=/4000x0/filters:no_upscale():max_bytes(150000):strip_icc():focal(535x0:537x2)/Huma-Abedin-Alex-Soros-2-061725-e555d98ccf8544ba8dec89c671b467bf.jpg,"Jennifer Lawrence, Sienna Miller, Mariska Hargitay: All the Stars at ...",https://people.com/jennifer-lawrence-sienna-miller-and-mariska-hargitay-all-the-stars-at-huma-abedin-alex-soros-wedding-11756039
Alex Soros,16,"https://media.cnn.com/api/v1/images/stellar/prod/gettyimages-2151820592.jpg?c=16x9&q=h_833,w_1480,c_fill",Huma Abedin is engaged to George Soros' son Alex | CNN Business,https://www.cnn.com/2024/07/11/business/huma-abedin-alex-soros-engagement
Alex Soros,17,https://people.com/thmb/QkHblPIXC3vZTx2GCh6yPBipFNo=/4000x0/filters:no_upscale():max_bytes(150000):strip_icc():focal(432x0:434x2)/Huma-Abedin-Alex-Soros-1-061725-034afc75ed1b4a548d04e42f7c2ab60c.jpg,"Jennifer Lawrence, Sienna Miller, Mariska Hargitay: All the Stars at ...",https://people.com/jennifer-lawrence-sienna-miller-and-mariska-hargitay-all-the-stars-at-huma-abedin-alex-soros-wedding-11756039
Alex Soros,18,https://virtualglobetrotting.com/thumb/2/9/294943-v1-xl/alex-soros-estate.jpg,"Alex Soros' estate in Water Mill, NY (Google Maps)",https://virtualglobetrotting.com/map/alex-soros-estate/view/google/
Alex Soros,19,https://media.vogue.co.uk/photos/5f2ee24eaa24dc1768af7e51/1:1/w_320%2Cc_limit/undefined,Huma Abedin And Alex Soros Are Married! Inside Their Wedding At Home In ...,https://www.vogue.co.uk/gallery/huma-abedin-alex-soros-wedding
Alex Soros,20,https://factly.in/wp-content/uploads/2025/06/Rahul-Gandhi-at-Alex-Soros%E2%80%99s-wedding-claim-1-839x1024.jpeg,This viral photo claiming to show Rahul Gandhi at Alex Soros's wedding ...,https://factly.in/this-viral-photo-claiming-to-show-rahul-gandhi-at-alex-soross-wedding-is-ai-generated/
Vladimir Putin,1,https://assets.bwbx.io/images/users/iqjWHBFdfxIU/i235cjSN.084/v0/-1x-1.jpg,Putin Gains in Oil Exporter Libya as US Struggles to Oust Wagner Group ...,https://www.bloomberg.com/news/articles/2023-06-04/putin-gains-in-oil-exporter-libya-as-us-struggles-to-oust-wagner-group
Vladimir Putin,2,https://sundayguardianlive.com/wp-content/uploads/2022/10/Vladimir_Putin_17-11-2021_cropped.jpg,The end is nigh for Vladimir Putin - The Sunday Guardian Live,https://sundayguardianlive.com/world/end-nigh-vladimir-putin
Vladimir Putin,3,https://upload.wikimedia.org/wikipedia/commons/d/d5/President_Vladimir_Putin.jpg,Vladimir Putin - Wikipedia,https://en.wikipedia.org/wiki/Vladimir_Putin
Vladimir Putin,4,https://cdn.britannica.com/65/194465-050-50F2A305/Vladimir-Putin-questions-news-conference-2016.jpg,"Vladimir Putin | Biography, KGB, Political Career, & Facts | Britannica",https://www.britannica.com/biography/Vladimir-Putin
Vladimir Putin,5,https://d.newsweek.com/en/full/2129862/vladimir-putins-70th-birthday.jpg,Seventy Reasons Why Putin Will Not Be Enjoying His 70th Birthday - Newsweek,https://www.newsweek.com/vladimir-putin-70th-seventy-birthday-ukraine-war-1749648
Vladimir Putin,6,https://assets.telegraphindia.com/telegraph/2024/Oct/1728274453_reuters-putin.jpg,BRICS summit | Russian President Vladimir Putin hosts summit in bid to ...,https://www.telegraphindia.com/world/russian-president-vladimir-putin-hosts-summit-in-bid-to-show-west-it-cant-keep-russia-off-global-stage/cid/2057130
Vladimir Putin,7,https://wallpapers.com/images/hd/vladimir-putin-attending-teleconference-9sqaho69dt6fde5g.jpg,[100+] Vladimir Putin Wallpapers | Wallpapers.com,https://wallpapers.com/vladimir-putin
Vladimir Putin,8,https://media.npr.org/assets/img/2024/03/18/gettyimages-2084802691-61eb12cb6a65a2f28afb3c34dc12d361919bc699.jpg?s=1100&c=85&f=jpeg,Russian President Vladimir Putin won a landslide reelection victory on ...,https://www.npr.org/2024/03/18/1239107271/after-a-quarter-century-in-power-russian-president-putin-isn-t-going-anywhere
Vladimir Putin,9,https://www.aljazeera.com/wp-content/uploads/2022/12/AP22356692992684-1.jpg?resize=1920%2C1440,Putin 'ready for talks' as Russian missiles rain down on Ukraine ...,https://www.aljazeera.com/news/2022/12/25/putin-says-ukraine-invasion-meant-to-unite-historical-russia
Vladimir Putin,10,https://vistapointe.net/images/vladimir-putin-4.jpg,"Vladimir Putin wallpapers, Men, HQ Vladimir Putin pictures | 4K ...",https://vistapointe.net/vladimir-putin.html
Vladimir Putin,11,https://n1info.si/wp-content/uploads/2022/12/20/1671526286-2022-12-20T082517Z_246547516_RC2K9Y9PM2OS_RTRMADP_3_UKRAINE-CRISIS-PUTIN-BORDERS-scaled.jpg,Vladimir Putin: Pripravljeni smo na pogajanja - N1,https://n1info.si/novice/svet/zelenski-ukrajincem-po-obupu-bo-prislo-upanje-zivljenje-bo-premagalo-smrt/
Vladimir Putin,12,https://wallpapers.com/images/hd/vladimir-putin-looking-at-his-left-side-3zvrfunz9ls3uv93.jpg,Download Vladimir Putin Looking At His Left Side Wallpaper | Wallpapers.com,https://wallpapers.com/wallpapers/vladimir-putin-looking-at-his-left-side-3zvrfunz9ls3uv93.html
Vladimir Putin,13,http://c.files.bbci.co.uk/4213/production/_102651961_putin.jpg,Vladimir Putin: Russia's president in power for 20 years - CBBC Newsround,https://www.bbc.co.uk/newsround/44922487
Vladimir Putin,14,https://www.livemint.com/lm-img/img/2023/10/06/1600x900/Vladimir_Putin_1696624958383_1696624958548.jpg,Russian President Vladimir Putin turns 71 today | Today News,https://www.livemint.com/news/world/happy-birthday-vladimir-putin-all-you-need-to-know-about-the-russian-president-who-turns-71-today-11696624778071.html
Vladimir Putin,15,https://wallpapers.com/images/hd/vladimir-putin-portrait-photo-i3jrcnpy457aef5w.jpg,[100+] Vladimir Putin Wallpapers | Wallpapers.com,https://wallpapers.com/vladimir-putin
Vladimir Putin,16,https://wallpapercave.com/wp/wp3090500.jpg,Vladimir Putin Wallpapers - Wallpaper Cave,https://wallpapercave.com/vladimir-putin-wallpapers
Vladimir Putin,17,https://c.ndtvimg.com/2023-12/ef7e3qq_vladimir-putin-afp-_625x300_08_December_23.jpeg,"At Annual Year-End Press Conference, Vladimir Putin Says There Will Be ...",https://www.ndtv.com/world-news/at-annual-year-end-press-conference-vladimir-putin-says-there-will-be-peace-in-ukraine-when-4673255
Vladimir Putin,18,https://api.time.com/wp-content/uploads/2018/03/gettyimages-932825264.jpg,Vladimir Putin Images,https://fity.club/lists/v/vladimir-putin-images/
Vladimir Putin,19,https://media.capital.ro/wp-content/uploads/2023/11/vladimir-putin-8-e1699651783139.jpg,Vladimir Putin a pus toată Europa pe jar! Anunţul făcut de Kremlin,https://www.capital.ro/vladimir-putin-fereastra-europa-conflict.html
Vladimir Putin,20,https://d.newsweek.com/en/full/2183193/vladimir-putin.jpg,Vladimir Putin: Russian President And Global Power Player - Annual Update,https://annualupdate.pages.dev/update/vladimir-putin-russian-president-and-global-power-player
Volodymyr Zelenskyy,1,https://www.president.gov.ua/storage/j-image-storage/14/34/45/b6638a3f2f9eb132a2315e2bebabcd3e_1572854231_wysiwyg.jpeg,Volodymyr Zelensky's biography — Official web site of the President of ...,https://www.president.gov.ua/en/president/biografiya
Volodymyr Zelenskyy,2,https://www.president.gov.ua/storage/j-image-storage/17/35/73/ed348ca7992e588cb8c3320995dc0061_1602780954.jpeg,Volodymyr Zelenskyy announced all the questions of the nationwide poll ...,https://www.president.gov.ua/en/news/volodimir-zelenskij-ogolosiv-usi-zapitannya-zagalnonacionaln-64629
Volodymyr Zelenskyy,3,https://www.president.gov.ua/storage/j-image-storage/14/49/33/bd76734f0b2fa61b0d87fe57e2276e38_1574345819.jpeg,We had to react to the efficiency of the Cabinet of Ministers ...,https://www.president.gov.ua/en/news/potribno-bulo-reaguvati-na-efektivnist-roboti-kabinetu-minis-60081
Volodymyr Zelenskyy,4,https://cdn.britannica.com/40/211840-050-8DA98F44/Volodymyr-Zelensky-Ukraine-President-2019.jpg,"Volodymyr Zelensky | Biography, Facts, Presidency, & Russian Invasion ...",https://www.britannica.com/biography/Volodymyr-Zelensky
Volodymyr Zelenskyy,5,https://www.president.gov.ua/storage/j-image-storage/13/34/81/b471c4b6127bc2b3e7ea0612145a1e59_1559229842.jpeg,Volodymyr Zelenskyy expressed disappointment with the PACE decision on ...,https://www.president.gov.ua/en/news/volodimir-zelenskij-visloviv-rozcharuvannya-rishennyam-parye-56049
Volodymyr Zelenskyy,6,https://www.aljazeera.com/wp-content/uploads/2022/02/h_57358403.jpg?resize=1920%2C1440,"Who is Volodymyr Zelenskyy, Europe's most vulnerable president ...",https://www.aljazeera.com/news/2022/2/25/who-is-volodymyr-zelenskyy-europes-most-vulnerable-president
Volodymyr Zelenskyy,7,https://d.newsweek.com/en/full/2017958/ukrainian-president-volodymyr-zelensky.jpg,Volodymyr Zelensky Outlines Ukraine Victory Against Russian Invasion ...,https://www.newsweek.com/volodymyr-zelensky-interview-cbs-60-minutes-outlines-ukraine-victory-russian-invasion-putin-1696783
Volodymyr Zelenskyy,8,https://www.thelist.com/img/gallery/everything-we-know-about-volodymyr-zelenskyy/l-intro-1646839845.jpg,Everything We Know About Volodymyr Zelenskyy,https://www.thelist.com/793035/everything-we-know-about-volodymyr-zelenskyy/
Volodymyr Zelenskyy,9,https://static1.businessinsider.com/image/5c9cb586ffcb2725f80c2532,Comedian Zelenskiy maintains strong lead in Ukraine presidential poll ...,https://static2.businessinsider.com/comedian-zelenskiy-maintains-strong-lead-in-ukraine-presidential-poll-2019-3
Volodymyr Zelenskyy,10,https://media.vanityfair.com/photos/621d48f4b62396a70d00ece0/master/w_2560%2Cc_limit/volodymyr-zelensky-wave-lede.jpg,Ukrainian President Volodymyr Zelenskyy Was Once a Rom-Com Star ...,https://www.vanityfair.com/hollywood/2022/03/ukraine-president-zelenskyy-romantic-comedy-movies
Volodymyr Zelenskyy,11,https://www.nme.com/wp-content/uploads/2023/01/volodymyr-zelenskyy-golden-globes-2023.jpg,"Volodymyr Zelenskyy delivers hopeful message to Golden Globes: ""The war ...",https://www.nme.com/news/volodymyr-zelenskyy-delivers-hopeful-message-golden-globes-3378458
Volodymyr Zelenskyy,12,https://www.japantimes.co.jp/uploads/imported_images/uploads/2023/07/np_file_238713.jpeg,Why Zelenskyy's diplomacy is a key factor in Ukraine's efforts to win ...,https://www.japantimes.co.jp/opinion/2023/07/20/commentary/world-commentary/zelenskyy-diplomacy-war/
Volodymyr Zelenskyy,13,https://e3.365dm.com/25/03/2048x1152/skynews-volodymyr-zelenskyy_6842936.jpg?20250301115603,Zelenskyy says he is 'truly thankful' to US after Trump row - as he ...,https://news.sky.com/story/zelenskyy-says-he-is-truly-thankful-to-us-as-he-travels-to-uk-for-summit-13319170
Volodymyr Zelenskyy,14,https://www.japantimes.co.jp/uploads/imported_images/uploads/2022/02/np_file_143705.jpeg,Ukraine's TV comedian President Volodymyr Zelenskyy finds his role as ...,https://www.japantimes.co.jp/news/2022/02/26/world/volodymyr-zelenskyy-wartime-president/
Volodymyr Zelenskyy,15,https://m.media-amazon.com/images/M/MV5BMjM3OTFlOTgtYjA3OS00NDM1LTgyMmUtOGMzOGI5YzIxYmY3XkEyXkFqcGc@._V1_FMjpg_UX1000_.jpg,Volodymyr Zelenskyy - IMDb,https://www.imdb.com/name/nm3305952/
Volodymyr Zelenskyy,16,https://media.npr.org/assets/img/2022/03/21/gettyimages-1238900708-99a63e8fb26422e2d74bcc30069a459f7adf2fcd.jpg,Putin's puffy coat and Zelenskyy's T-shirts show the power of fashion ...,https://www.northcountrypublicradio.org/news/npr/1087983743/putin-s-puffy-coat-and-zelenskyy-s-t-shirts-show-the-power-of-fashion-in-war
Volodymyr Zelenskyy,17,https://s.abcnews.com/images/International/zelenskyy-flags-ap-ps-220222_1677078410215_hpMain.jpg,Ukraine's surprising resistance and the rise of its unlikely wartime ...,https://abcnews.go.com/International/russia-ukraine-war-ukraines-surprising-resistance-rise-wartime/story?id=97255342
Volodymyr Zelenskyy,18,https://www.president.gov.ua/storage/j-image-storage/19/30/49/71614ad5338578010b28f0fa0796cfa6_1624032103.jpeg,"Volodymyr Zelenskyy held the NSDC meeting, at which the Strategy for ...",https://www.president.gov.ua/en/news/volodimir-zelenskij-proviv-zasidannya-rnbo-na-yakomu-bulo-sh-69105
Volodymyr Zelenskyy,19,https://www.aljazeera.com/wp-content/uploads/2022/03/AP22067306432734.jpg?resize=1920%2C1440,Zelenskyy: Western nations share 'responsibility' for casualties ...,https://www.aljazeera.com/news/2022/3/8/zelenskyy-accuses-west-for-contributing-to-killings-in-ukraine
Volodymyr Zelenskyy,20,https://image.cnbcfm.com/api/v1/image/107033261-1647664265112-gettyimages-1239279359-AA_18032022_654869.jpeg?v=1647665179&w=1920&h=1080,Volodymyr Zelenskyy,https://www.cnbc.com/volodymyr-zelenskyy/
"Benjamin ""Bibi""",1,https://c8.alamy.com/comp/AM8EAP/benjamin-bibi-netanyahu-and-wife-sara-october-2007-AM8EAP.jpg,Benjamin bibi netanyahu hi-res stock photography and images - Alamy,https://www.alamy.com/stock-photo/benjamin-bibi-netanyahu.html
"Benjamin ""Bibi""",2,https://c8.alamy.com/comp/AM8ECH/benjamin-bibi-netanyahu-and-wife-sara-october-2007-AM8ECH.jpg,Benjamin Bibi Netanyahu and wife Sara October 2007 Stock Photo - Alamy,https://www.alamy.com/stock-photo-benjamin-bibi-netanyahu-and-wife-sara-october-2007-15183088.html
"Benjamin ""Bibi""",3,https://media.gettyimages.com/id/928416634/de/foto/washington-dc-united-states-benjamin-bibi-netanyahu-prime-minister-of-israel-speaking-at-the.jpg?s=1024x1024&w=gi&k=20&c=QlWJ0TAsgrGUTM1GvSoKPIW59wUAOwfBJFecvkRqfS8=,"Benjamin ""Bibi"" Netanyahu, Prime Minister of Israel, speaking at the ...",https://www.gettyimages.de/detail/nachrichtenfoto/benjamin-bibi-netanyahu-prime-minister-of-israel-nachrichtenfoto/928416634
"Benjamin ""Bibi""",4,https://c8.alamy.com/comp/AM8H6R/benjamin-bibi-netanyahu-and-wife-sara-october-2007-AM8H6R.jpg,Benjamin Bibi Netanyahu and wife Sara October 2007 Stock Photo - Alamy,https://www.alamy.com/stock-photo-benjamin-bibi-netanyahu-and-wife-sara-october-2007-15184030.html
"Benjamin ""Bibi""",5,https://www.jewishvirtuallibrary.org/jsource/images/People/Benjamin-Netanyahu1.jpg,"Benjamin ""Bibi"" Netanyahu",https://www.jewishvirtuallibrary.org/benjamin-quot-bibi-quot-netanyahu
"Benjamin ""Bibi""",6,https://thenational-the-national-prod.cdn.arcpublishing.com/resizer/BbQwtCWkdbPYfSt4cmYeZzxDhm4=/1600x0/filters:format(jpg):quality(70)/cloudfront-eu-central-1.images.arcpublishing.com/thenational/ZZBOFAKYTKZS7UWLQ27K3U7DKY.jpg,"Who is Benjamin 'Bibi' Netanyahu, Israel's returning prime minister?",https://www.thenationalnews.com/mena/2022/12/22/who-is-benjamin-bibi-netanyahu-israels-returning-prime-minister/
"Benjamin ""Bibi""",7,https://cdn11.bigcommerce.com/s-13a06/images/stencil/1920w/products/6055/10289/9781668008447_3414a__64920.1662648100.jpg?c=2,Bibi - Benjamin Netanyahu (Signed Book),https://premierecollectibles.com/bibi-my-story-set/
"Benjamin ""Bibi""",8,https://bibisignedbook.com/assets/img/autographed-edition.jpg,Bibi: My Story by Benjamin Netanyahu: Autographed and Numbered Editions,https://bibisignedbook.com/index.html
"Benjamin ""Bibi""",9,https://openthemagazine.com/wp-content/uploads/2022/11/Netanyahu.jpg,Bibi Netanyahu's Daughter: A Deep Dive Into Her Life And Impact,https://capitaldispatch.blob.core.windows.net/probo8/bibi-netanyahu-daughter.html
"Benjamin ""Bibi""",10,https://static.timesofisrael.com/www/uploads/2023/01/F230123YS125-e1674646522192.jpg,Netanyahu truly aims to be 'King Bibi' now. We must use all legal means ...,https://www.timesofisrael.com/netanyahu-truly-is-king-bibi-now-israelis-must-use-all-legal-means-to-thwart-him/
"Benjamin ""Bibi""",11,https://api.time.com/wp-content/uploads/2017/08/benjamin-netanyahu-fraud-bribery.jpg,"Inside The World Of Benjamin ""Bibi"" Netanyahu: The Man Who Shaped ...",https://live.aacr.org/azermantis-018/inside-the-world-of-benjamin-bibi-netanyahu-the-man-who-shaped-modern-israel.html
"Benjamin ""Bibi""",12,https://c8.alamy.com/comp/E9GYY1/israeli-prime-minister-benjamin-bibi-netanyahu-also-binyamin-netanyahu-E9GYY1.jpg,Israeli Prime Minister Benjamin (Bibi) Netanyahu (also Binyamin ...,https://www.alamy.com/stock-photo-israeli-prime-minister-benjamin-bibi-netanyahu-also-binyamin-netanyahu-74746533.html
"Benjamin ""Bibi""",13,https://cdn.britannica.com/28/99228-050-8FA9520D/Benjamin-Netanyahu-1996.jpg,"Inside The World Of Benjamin ""Bibi"" Netanyahu: The Man Who Shaped ...",https://live.aacr.org/azermantis-018/inside-the-world-of-benjamin-bibi-netanyahu-the-man-who-shaped-modern-israel.html
"Benjamin ""Bibi""",14,https://c8.alamy.com/comp/E9GYY0/israeli-prime-minister-benjamin-bibi-netanyahu-also-binyamin-netanyahu-E9GYY0.jpg,Israeli Prime Minister Benjamin (Bibi) Netanyahu (also Binyamin ...,https://www.alamy.com/stock-photo-israeli-prime-minister-benjamin-bibi-netanyahu-also-binyamin-netanyahu-74746532.html
"Benjamin ""Bibi""",15,https://www.bighedz.com/865-thickbox_default/benjamin-netanyahu-card-face-mask.jpg,"Benjamin ""Bibi"" Netanyahu card face mask of the Israel Prime Minister",https://www.bighedz.com/politicians/350-benjamin-netanyahu-card-face-mask.html
"Benjamin ""Bibi""",16,https://media.gettyimages.com/id/1200545769/photo/israeli-prime-minister-elected-benjamin-bibi-netanyahu-calms-the-audience-that-reacted.jpg?s=612x612&w=gi&k=20&c=CL-Xa1POBeTTfj_8lY_bQpkDGc6Yu7uaZir_C3UP4rE=,622 Benjamin Netanyahu Bibi Photos & High Res Pictures - Getty Images,https://www.gettyimages.com/photos/benjamin-netanyahu-bibi
"Benjamin ""Bibi""",17,https://sheldonkirshner.com/wp-content/uploads/2022/11/Benjamin-Netanyahu-as-a-soldier-SLIDER-2-1200x1613.jpg,Bibi: My Story - SHELDON KIRSHNER JOURNAL,https://sheldonkirshner.com/bibi-my-story/
"Benjamin ""Bibi""",18,https://static.timesofisrael.com/www/uploads/2020/03/F200311FFF0018.jpg,"Inside The World Of Benjamin ""Bibi"" Netanyahu: The Man Who Shaped ...",https://live.aacr.org/azermantis-018/inside-the-world-of-benjamin-bibi-netanyahu-the-man-who-shaped-modern-israel.html
"Benjamin ""Bibi""",19,"https://images-wixmp-ed30a86b8c4ca887773594c2.wixmp.com/f/1641b15e-ea64-4625-ba03-c11ffadbbfc6/dgeokj5-65c28e7a-cf1f-4856-ad83-1a036cb7d427.jpg/v1/fill/w_1280,h_710,q_75,strp/benjamin__bibi__netanyahu__israeli_prime_minister_by_papaosmubal_dgeokj5-fullview.jpg?token=eyJ0eXAiOiJKV1QiLCJhbGciOiJIUzI1NiJ9.eyJzdWIiOiJ1cm46YXBwOjdlMGQxODg5ODIyNjQzNzNhNWYwZDQxNWVhMGQyNmUwIiwiaXNzIjoidXJuOmFwcDo3ZTBkMTg4OTgyMjY0MzczYTVmMGQ0MTVlYTBkMjZlMCIsIm9iaiI6W1t7ImhlaWdodCI6Ijw9NzEwIiwicGF0aCI6IlwvZlwvMTY0MWIxNWUtZWE2NC00NjI1LWJhMDMtYzExZmZhZGJiZmM2XC9kZ2Vva2o1LTY1YzI4ZTdhLWNmMWYtNDg1Ni1hZDgzLTFhMDM2Y2I3ZDQyNy5qcGciLCJ3aWR0aCI6Ijw9MTI4MCJ9XV0sImF1ZCI6WyJ1cm46c2VydmljZTppbWFnZS5vcGVyYXRpb25zIl19.TeqRdgTuv1fjX6tq-u1-samZ7Tsv0lTJTm-Yy3hC_m0",Benjamin 'Bibi' Netanyahu- Israeli Prime Minister by PapaOsmubal on ...,https://www.deviantart.com/papaosmubal/art/Benjamin-Bibi-Netanyahu-Israeli-Prime-Minister-992119793
"Benjamin ""Bibi""",20,"https://images.nightcafe.studio/jobs/KpBFrlLRIhCFE64JX9VL/KpBFrlLRIhCFE64JX9VL--1--axbfv.jpg?tr=w-1600,c-at_max","Benjamin ""Bibi"" Netanyahu archetype for commander of the Lions of Judah ...",https://creator.nightcafe.studio/creation/KpBFrlLRIhCFE64JX9VL
Netanyahu,1,https://cdn.britannica.com/28/99228-050-8FA9520D/Benjamin-Netanyahu-1996.jpg,"Benjamin Netanyahu | Biography, Education, Party, Nickname, & Facts ...",https://www.britannica.com/biography/Benjamin-Netanyahu
Netanyahu,2,https://www.thenation.com/wp-content/uploads/2015/03/benjamin_netanyahu_rtr_img_0.jpg?scale=896&compress=80,Benjamin Netanyahu Is Playing With Fire | The Nation,https://www.thenation.com/article/archive/why-benjamin-netanyahu-playing-fire/
Netanyahu,3,https://www.brookings.edu/wp-content/uploads/2018/02/netanyahu_flag001.jpg,The end is nigh for Netanyahu,https://www.brookings.edu/articles/the-end-is-nigh-for-netanyahu/
Netanyahu,4,https://static.timesofisrael.com/www/uploads/2020/12/F201202YSPOOL18.jpg,Netanyahu said planning new aid to small businesses ahead of election ...,https://www.timesofisrael.com/netanyahu-said-planning-new-aid-to-small-businesses-ahead-of-election/
Netanyahu,5,http://www.juancole.com/images/2015/03/Benjamin_Netanyahu_portrait.jpg,Netanyahu's Victory did us the favor of ending the Charade,http://www.juancole.com/2015/03/netanyahus-victory-charade.html
Netanyahu,6,https://static01.nyt.com/images/2019/04/18/opinion/18shlaim/18shlaim-superJumbo.jpg?quality=90&auto=webp,Opinion | Benjamin Netanyahu and the Death of the Zionist Dream - The ...,https://www.nytimes.com/2019/04/18/opinion/benjamin-netanyahu-israel.html
Netanyahu,7,https://www.theeastafrican.co.ke/resource/blob/4007282/0f36896a003d2d7e0c7c590a282ed094/nyahu-data.jpg,Israel's Netanyahu set for return to power with far-right help - The ...,https://www.theeastafrican.co.ke/tea/news/world/netanyahu-set-for-return-to-power-4007280
Netanyahu,8,https://static.timesofisrael.com/fr/uploads/2019/02/F190205NRF30-1-e1550436077994.jpg,2010 - 2020 : Une décennie de retour de l'histoire - ELOGE DE LA CONTRAINTE,https://elogedelacontrainte.wordpress.com/2020/01/05/2010-2020-une-decennie-de-retour-de-lhistoire/
Netanyahu,9,https://themedialine.org/wp-content/uploads/2023/11/GettyImages-1719686694-scaled-e1699784433411.jpg,"Netanyahu Must Go, but He Won't Go Quietly - The Media Line",https://themedialine.org/news/opinion/netanyahu-must-go-but-he-wont-go-quietly/
Netanyahu,10,http://nena-news.it/wp-content/uploads/2014/08/netanyahu.jpg,"Netanyahu: Un solo razzo e ""colpiremo Gaza sette volte di più"" | NenaNews",https://nena-news.it/netanyahu-un-solo-razzo-e-colpiremo-gaza-sette-volte-di-piu/
Netanyahu,11,https://forward.com/wp-content/uploads/2024/07/netanyahu-speaks-to-congress-scaled.jpg?_t=1722009288,Is Netanyahu really trying to delay a hostage deal? - The Forward,https://forward.com/opinion/638220/netanyahu-delay-hostage-deal/
Netanyahu,12,https://cdndailyexcelsior.b-cdn.net/wp-content/uploads/2023/10/NETANYAHU.jpg,"Israel Is 'At War', Will Extract Unprecedented Price From Enemy: PM ...",https://www.dailyexcelsior.com/we-are-at-war-our-enemy-will-pay-price-israel-pm-benjamin-netanyahu-after-hamas-attack/
Netanyahu,13,https://global.ariseplay.com/amg/www.arise.tv/uploads/2023/11/Benjamin-Netanyahu.jpeg,Netanyahu Risks Arrest in UK as ICC Issues Warrant Against Him For War ...,https://www.arise.tv/netanyahu-risks-arrest-in-uk-as-icc-issues-warrant-against-him-for-war-crimes/
Netanyahu,14,https://static.timesofisrael.com/www/uploads/2023/11/AP23301656692721.jpg,Netanyahu stances frustrating US attempts to rally Arab support for ...,https://www.timesofisrael.com/netanyahu-stances-frustrating-us-attempts-to-rally-arab-support-for-post-hamas-gaza/
Netanyahu,15,https://d3i6fh83elv35t.cloudfront.net/static/2024/11/2024-11-18T172209Z_457287034_RC2S7BACHIEK_RTRMADP_3_ISRAEL-PALESTINIANS-IRAN-NETANYAHU-1200x800.jpg,Netanyahu says he supports cease-fire agreement with Lebanon's ...,https://www.pbs.org/newshour/world/netanyahu-says-he-supports-cease-fire-agreement-with-lebanons-hezbollah
Netanyahu,16,https://dynaimage.cdn.cnn.com/cnn/digital-images/org/c31ab975-f6e2-41dc-b4d6-ecc9f039f722.jpg,Read Netanyahu's full address,https://edition.cnn.com/middleeast/live-news/al-aqsa-storm-militants-infiltrate-israel-after-gaza-rockets-10-07-intl-hnk/h_9b5497387ecdcb6bc50f4a97fa1be600
Netanyahu,17,https://n1info.ba/wp-content/uploads/2024/04/28/1714296947-2024-04-26T155038Z_1712627661_RC2656A73S4J_RTRMADP_3_ISRAEL-PALESTINIANS-NETANYAHU-2048x1367.jpg,"CNN: Netanyahu ""u principu"" odobrio sporazum za prekid vatre s ...",https://n1info.ba/svijet/cnn-netanyahu-u-principu-odobrio-sporazum-za-prekid-vatre-s-hezbollahom/
Netanyahu,18,https://www.jta.org/wp-content/uploads/2023/04/04-10-2023-Netanyahu.jpg,"Netanyahu says 'hard days are still ahead of us,' vows to defeat Hamas ...",https://www.jta.org/2023/10/09/israel/netanyahu-says-hard-days-are-still-ahead-of-us-vows-to-defeat-hamas-in-massive-operation
Netanyahu,19,https://thehill.com/wp-content/uploads/sites/2/2024/01/Netanyahu_012424_Photo_AP.png?w=1400&h=787&crop=1,Netanyahu convenes government ahead of possible hostage release | The Hill,https://thehill.com/policy/international/4320902-netanyahu-convenes-government-possible-hostage-release/
Netanyahu,20,https://cdn.siasat.com/wp-content/uploads/2023/10/netanyahu-benjamin.webp,Netanyahu: Israeli team to travel to Cairo for Gaza ceasefire talks,https://www.siasat.com/netanyahu-israeli-team-to-travel-to-cairo-for-gaza-ceasefire-talks-3181506/
Karoline Leavitt,1,https://i.abcnewsfe.com/a/749800d0-79f2-4555-af63-7b2dd02b8e9b/Karoline-Leavitt-3-rt-gmh-250123_1737660986884_hpMain.jpg,"Karoline Leavitt, youngest White House press secretary, makes briefing ...",https://abcnews.go.com/Politics/karoline-leavitt-youngest-white-house-press-secretary-make/story?id=118180377
Karoline Leavitt,2,https://data.ibtimes.sg/en/full/77975/karoline-leavitt.jpg,Karoline Leavitt Makes History as Youngest White House Press Secretary ...,https://www.ibtimes.sg/karoline-leavitt-27-makes-history-youngest-white-house-press-secretary-sparks-controversy-gun-78174
Karoline Leavitt,3,https://data.ibtimes.sg/en/full/77974/karoline-leavitt.jpg?w=601,Who Is Karoline Leavitt? Seasoned Political Strategist and Trump's ...,https://www.ibtimes.sg/who-karoline-leavitt-season-political-strategist-trumps-campaign-spokesperson-become-youngest-76879
Karoline Leavitt,4,https://preview.redd.it/karoline-leavitt-former-us-house-candidate-nh-1-v0-cknqbe4m02mb1.jpg?width=1080&crop=smart&auto=webp&s=43cd8281fe475906aadc423a79d2555a6e5e50f2,"Karoline Leavitt, former US House candidate (NH-1) : r/RepublicanHotties",https://www.reddit.com/r/RepublicanHotties/comments/168z0t0/karoline_leavitt_former_us_house_candidate_nh1/
Karoline Leavitt,5,https://www.adweek.com/wp-content/uploads/2024/11/Karoline-Leavitt-Fox.png?resize=1024,How News Outlets Are Preparing for Karoline Leavitt's White House Press ...,https://www.adweek.com/tvnewser/karoline-leavitt-donald-trump-press-briefings-news-outlets/
Karoline Leavitt,6,https://media.tegna-media.com/assets/CCT/images/e7fbeba5-6108-429e-ac14-b61f881c1e11/20241116T022238/e7fbeba5-6108-429e-ac14-b61f881c1e11_1920x1080.jpg,Trump names Karoline Leavitt White House press secretary | localmemphis.com,https://www.localmemphis.com/article/news/nation-world/trump-karoline-leavitt-youngest-white-house-press-secretary/507-0c3143ae-8a9c-4f17-975e-084536fd691c
Karoline Leavitt,7,https://preview.redd.it/karoline-leavitt-v0-p4utxzd712mb1.jpg?width=777&format=pjpg&auto=webp&s=7642a116ef762a7aab48dd7b6158fa8ab8b1386b,Karoline Leavitt : r/womenoftheright,https://www.reddit.com/r/womenoftheright/comments/168z3nq/karoline_leavitt/
Karoline Leavitt,8,https://image.volkskrant.nl/250682406/width/2480/trumps-nieuwe-woordvoerder-karoline-leavitt,"Karoline Leavitt, de nieuwe spreekbuis van het Witte Huis, is 100 pro ...",https://www.volkskrant.nl/buitenland/karoline-leavitt-de-nieuwe-spreekbuis-van-het-witte-huis-is-100-pro-cent-her-master-s-voice~b1762686/
Karoline Leavitt,9,https://wealthyspy.com/wp-content/uploads/2021/07/Karoline-Leavitt-2.jpg,"Karoline Leavitt Bio, Age, Height, Boyfriend, Net Worth, Wiki",https://wealthyspy.com/karoline-leavitt/
Karoline Leavitt,10,https://www.thelist.com/img/gallery/karoline-leavitts-white-house-makeover-has-people-convinced-she-got-a-nose-job/l-intro-1739476984.jpg,Karoline Leavitt's White House Makeover Has People Convinced She Got A ...,https://www.thelist.com/1789345/karoline-leavitt-nose-job-plastic-surgery-rumors/
Karoline Leavitt,11,https://a57.foxnews.com/static.foxnews.com/foxnews.com/content/uploads/2022/09/1200/675/Karoline-Leavitt-Gilford-NH-August-17-2022.jpg?ve=1&tl=1,Karoline Leavitt to join Trump super PAC as spokeswoman | Fox News,https://www.foxnews.com/politics/karoline-leavitt-join-trump-super-pac-spokeswoman
Karoline Leavitt,12,"https://www.usatoday.com/gcdn/authoring/authoring-images/2025/01/28/USAT/78000694007-20250128-t-180824-z-937438427-rc-26-jca-1-n-1-h-4-rtrmadp-3-usatrump.JPG?crop=6342,3568,x0,y579&width=3200&height=1801&format=pjpg&auto=webp",Who is Karoline Leavitt? The White House's youngest press secretary,https://www.usatoday.com/story/news/politics/2025/01/28/karoline-leavitt-white-house-youngest-press-secretary/78000597007/
Karoline Leavitt,13,https://static.independent.co.uk/2025/01/28/15/9ad6ee7a99084416ac021bd6d4802653.jpg,Karoline Leavitt faced down the White House press in…,https://www.inkl.com/news/karoline-leavitt-faced-down-the-white-house-press-in-her-first-briefing-it-was-trump-s-voice-that-followed
Karoline Leavitt,14,https://www.wfdd.org/s3/files/styles/wide/s3/images/story/2024/11/Trump-picks-Karoline-Leavitt-to-be-youngest-White-House-press-secretary-in-history-g-s1-34515.jpg?itok=LvGjBZQF,Trump picks Karoline Leavitt to be youngest White House press secretary ...,https://www.wfdd.org/story/trump-picks-karoline-leavitt-be-youngest-white-house-press-secretary-history
Karoline Leavitt,15,https://pisco-bucket.s3.amazonaws.com/b0e90164-cfe7-4439-aab9-27e65c895e45.jpg,Karoline Leavitt's makeup free pictures prove White House press ...,https://news.meaww.com/karoline-leavitts-makeup-free-pictures-prove-white-house-press-secretary-is-a-natural-beauty
Karoline Leavitt,16,https://www.thelist.com/img/gallery/karoline-leavitts-appearance-has-drastically-changed-since-trump-hired-her-as-a-spokesperson/intro-1719492406.jpg,Karoline Leavitt's Appearance Has Drastically Changed Since Trump Hired ...,https://www.thelist.com/1611085/karoline-leavitt-unregognizable-since-trump-hired-her/
Karoline Leavitt,17,"https://www.detroitnews.com/gcdn/authoring/authoring-images/2025/01/29/PDTN/78009537007-ap-25028670727897.jpg?crop=7354,4139,x8,y212&width=3200&height=1802&format=pjpg&auto=webp","Karoline Leavitt, youngest White House press secretary, debuts with ...",https://www.detroitnews.com/story/news/politics/2025/01/28/karoline-leavitt-youngest-white-house-press-secretary-debuts-with-promise-of-changes/78009162007/
Karoline Leavitt,18,https://celebsuburb.com/wp-content/uploads/2025/01/karolineleavitt-1.jpeg,Who Is Karoline Leavitt Husband? All About Their Relationship and Children,https://celebsuburb.com/who-is-karoline-leavitt-husband-all-about-their-relationship-and-children/
Karoline Leavitt,19,https://thehill.com/wp-content/uploads/sites/2/2022/10/2735725b28fe438b8a778ae46b02292a.jpg?w=2560&h=1440&crop=1,Leavitt 'will respect' Trump decision on press secretary gig,https://thehill.com/homenews/media/4991310-trump-spokesperson-karoline-leavitt/
Karoline Leavitt,20,https://wealthyspy.com/wp-content/uploads/2021/07/Karoline-Leavitt-1.jpg,"Karoline Leavitt Bio, Age, Height, Boyfriend, Net Worth, Wiki",https://wealthyspy.com/karoline-leavitt/
Elon Musk,1,https://cdn.britannica.com/45/223045-050-A6453D5D/Telsa-CEO-Elon-Musk-2014.jpg,"Elon Musk | Biography, SpaceX, Tesla, Twitter, X, & Facts | Britannica",https://www.britannica.com/biography/Elon-Musk
Elon Musk,2,https://cms.qz.com/wp-content/uploads/2017/06/rtr3fy5u.jpg?quality=75&strip=all&w=1200&h=630&crop=1,Elon Musk's success comes from having goals he'll never see ...,https://qz.com/1011606/elon-musks-success-comes-from-having-goals-hell-never-see-accomplished-in-his-lifetime/
Elon Musk,3,http://www.thefamouspeople.com/profiles/images/elon-musk-1.jpg,"Elon Musk Biography - Childhood, Life Achievements & Timeline",http://www.thefamouspeople.com/profiles/elon-musk-5562.php
Elon Musk,4,https://assets.bwbx.io/images/users/iqjWHBFdfxIU/iVR6Vghr5Jl8/v1/-1x-1.jpg,"Elon Musk in 2022 Faces Many Roadblocks at Tesla, SpaceX - Bloomberg",https://www.bloomberg.com/news/newsletters/2021-12-27/elon-musk-in-2022-faces-many-roadblocks-at-tesla-spacex
Elon Musk,5,https://nypost.com/wp-content/uploads/sites/2/2022/10/elon-musk-1.jpg?quality=75&strip=all,Twitter investors should be very careful about trusting Elon Musk,https://vnexplorer.net/twitter-investors-should-be-very-careful-about-trusting-elon-musk-s4850854.html
Elon Musk,6,https://theshaderoom.com/wp-content/uploads/2022/05/Elon-Musk-scaled-e1652223706691.jpg,"Elon Musk Says Remote Tesla Employees ""Pretend To Work"" And Demands All ...",https://theshaderoom.com/elon-musk-says-remote-tesla-employees-pretend-to-work-and-demands-all-staff-return-to-the-office/
Elon Musk,7,https://www.businessinsider.de/wp-content/uploads/2019/06/elon-musk.jpg,Tesla: Elon Musk kündigt Rekordauslieferungen für dieses Quartal an ...,https://www.businessinsider.de/tech/elon-musk-rekordauslieferungen-tesla-2019-6/
Elon Musk,8,http://europeanbusinessmagazine.com/wp-content/uploads/2017/05/elon-musk-10.jpeg,Elon Musk -The Modern Age Edison - European Business Magazine,http://europeanbusinessmagazine.com/profiles/elon-musk-the-modern-age-edison/
Elon Musk,9,https://cdn.britannica.com/54/188754-050-A3613741/Elon-Musk-2010.jpg,"Elon Musk | Biography, SpaceX, Tesla, Twitter, X, & Facts | Britannica",https://www.britannica.com/biography/Elon-Musk
Elon Musk,10,https://www.arabianbusiness.com/cloud/2022/11/17/GettyImages-Elon-Musk.jpg,Elon Musk tells Twitter staff to quit or 'work long hours at high ...,https://www.arabianbusiness.com/industries/technology/elon-musk-tells-twitter-staff-to-quit-or-work-long-hours-at-high-intensity
Elon Musk,11,https://conservativebrief.com/wp-content/uploads/2022/06/GettyImages-1395059297-3.jpg,"Elon Musk Presses DoJ To 'Leak' Jeffrey Epstein's Client List, Taunts ...",https://conservativebrief.com/client-63495/
Elon Musk,12,https://wallpapers.com/images/hd/elon-musk-dragon-press-con-5t4e6eq07c3n9zec.jpg,[100+] Elon Musk Wallpapers | Wallpapers.com,https://wallpapers.com/elon-musk
Elon Musk,13,http://cdn.wccftech.com/wp-content/uploads/2016/09/elon-musk.jpeg,Elon Musk Reveals His Ambitious Plans to Colonize Mars,http://wccftech.com/elon-musk-epic-plans-to-colonize-mars/
Elon Musk,14,https://media.npr.org/assets/img/2022/10/26/ap22241582559275-4d34dadabd065fc661fd72f8794d29b5048b02f2-s1100-c50.jpg,"Elon Musk, as 'Chief Twit,' has his work cut out for him at Twitter : NPR",https://www.npr.org/2022/10/27/1131736191/elon-musk-twitter-tesla-spacex
Elon Musk,15,https://media.wired.com/photos/62a393d78eaf9419b31098a5/master/pass/musk_sec_GettyImages-1395062612.jpg,Merrill Sanford,https://merrillsanford.blogspot.com/
Elon Musk,16,https://www.thefamouspeople.com/profiles/images/elon-musk-4.jpg,"Elon Musk Biography - Facts, Childhood, Family Life & Achievements",https://www.thefamouspeople.com/profiles/elon-musk-5562.php
Elon Musk,17,https://zoomboola.com/images/catalog/2022/3/elon-musk_64.jpg,"Elon Musk biography, net worth, nationality, wife, children, house, age ...",https://zoomboola.com/biographies/biography-elon-musk.html
Elon Musk,18,https://s.yimg.com/os/creatr-uploaded-images/2022-10/fc572490-4590-11ed-b7de-b25f1cbc7cdd,Elon Musk's lawyers ask judge to call off Twitter trial | Engadget,https://www.engadget.com/elon-musk-lawyers-ask-judge-to-call-off-twitter-trial-204222763.html
Elon Musk,19,https://wallpapers.com/images/hd/elon-musk-red-portrait-482xjmt0hy3rk70r.jpg,[100+] Elon Musk Wallpapers | Wallpapers.com,https://wallpapers.com/elon-musk
Elon Musk,20,https://static01.nyt.com/images/2022/10/06/business/06twitter-status-musk/06twitter-status-musk-videoSixteenByNine3000.jpg,Judge Grants Elon Musk's Request to Delay Trial With Twitter - The New ...,https://www.nytimes.com/2022/10/06/technology/elon-musk-twitter-trial.html
