Person,Image_URL,sightengine
Donald Trump,https://i.ytimg.com/vi/ouelYIRr220/maxres2.jpg?sqp=-oaymwEoCIAKENAF8quKqQMcGADwAQH4AbYIgAKAD4oCDAgAEAEYRCBSKHIwDw==&rs=AOn4CLAVqsThHSHGdrKqwdCLAu5QSLX6AQ,0.02
Donald Trump,https://i.ytimg.com/vi/xBacsGFXKB0/maxres2.jpg?sqp=-oaymwEoCIAKENAF8quKqQMcGADwAQH4Ac4FgAKACooCDAgAEAEYciBNKEIwDw==&rs=AOn4CLCMvkmSzMqZAnCzxRbGhLhFNEDxxA,0.01
Donald Trump,https://www.sinembargo.mx/wp-content/uploads/2025/06/el-presidente-donald-trump.jpg?x63043,0.01
Donald Trump,https://i.ytimg.com/vi/DrpcIXe2V0w/maxresdefault.jpg?sqp=-oaymwEmCIAKENAF8quKqQMa8AEB-AHOBYACgAqKAgwIABABGDUgUChyMA8=&rs=AOn4CLDPl8cOrj6XZf-zvRxys2R6r1aYoQ,0.01
Donald Trump,https://i.ytimg.com/vi/RdG4dVRj2gg/maxres2.jpg?sqp=-oaymwEoCIAKENAF8quKqQMcGADwAQH4AbYIgAKAD4oCDAgAEAEYESByKBIwDw==&rs=AOn4CLB0bbzzLazjHiO55Pp9W0DB8TGnrg,0.02
Donald Trump,https://i.ytimg.com/vi/-jBO11z4S_4/maxresdefault.jpg?sqp=-oaymwEoCIAKENAF8quKqQMcGADwAQH4AbYIgAKAD4oCDAgAEAEYciBSKEIwDw==&rs=AOn4CLALpg0EaHItfjRsHj_N9uSudNlDIw,0.01
Donald Trump,https://i.ytimg.com/vi/Ytsnss5oJns/maxresdefault.jpg?sqp=-oaymwEoCIAKENAF8quKqQMcGADwAQH4AbYIgAKAD4oCDAgAEAEYciBbKCQwDw==&rs=AOn4CLAK5oL0hHVI-opZAo7LX42g1_Lw6g,0.99
Donald Trump,https://i.iplsc.com/prezydent-usa-donald-trump/000L8B2PYWLAMBQQ-C123-F4.jpeg,0.01
Donald Trump,https://i.ytimg.com/vi/8Zj9sf_CmbE/maxres2.jpg?sqp=-oaymwEoCIAKENAF8quKqQMcGADwAQH4Ac4FgAKEB4oCDAgAEAEYSiBHKGUwDw==&rs=AOn4CLAxevm29ChJ0WQzGDjmTMbn1BeG3w,0.01
Donald Trump,https://i.ytimg.com/vi/uwiGFOXC1r8/maxresdefault.jpg,0.01
Donald Trump,https://i.ytimg.com/vi/Bvv4_YL8xfQ/maxresdefault.jpg,0.01
Donald Trump,https://i.ytimg.com/vi/sOXYxn-NYfA/maxresdefault.jpg?sqp=-oaymwEmCIAKENAF8quKqQMa8AEB-AG2CIACgA-KAgwIABABGHIgWyhDMA8=&rs=AOn4CLA3LjKQQlroXNFHx6h9MAw1A3-xrA,0.01
Donald Trump,https://i.ytimg.com/vi/TdOuoxAGOaY/maxresdefault.jpg,
Donald Trump,https://i.ytimg.com/vi/5siZro1AwrU/maxres2.jpg?sqp=-oaymwEoCIAKENAF8quKqQMcGADwAQH4AcAFgAKACooCDAgAEAEYfyA2KBUwDw==&rs=AOn4CLDTz79Qdh5HWYiYxUwaw0GZR2RtmQ,0.01
Donald Trump,https://i.ytimg.com/vi/bQiDqDtcwLU/maxres2.jpg?sqp=-oaymwEoCIAKENAF8quKqQMcGADwAQH4AbYIgAKAD4oCDAgAEAEYKiBEKH8wDw==&rs=AOn4CLAYJxnGHKESWSGjXevgpSZqBLsCwQ,0.01
Donald Trump,https://i.ytimg.com/vi/1ptByjNI9I0/maxresdefault.jpg,0.15
Donald Trump,https://i.ytimg.com/vi/6DiyBoh_hf8/maxres2.jpg?sqp=-oaymwEoCIAKENAF8quKqQMcGADwAQH4Ac4FgAKACooCDAgAEAEYZSBYKEYwDw==&rs=AOn4CLAeS3kyKNXCBXv5XDDPCoH1gXoxkg,
Donald Trump,https://i.ytimg.com/vi/erqQLTjqotI/maxresdefault.jpg?sqp=-oaymwEmCIAKENAF8quKqQMa8AEB-AG2CIACgA-KAgwIABABGHIgQSgwMA8=&rs=AOn4CLAZCOn-YgAr8Oyv2oaTDbSNceQHBA,0.01
Donald Trump,https://i.ytimg.com/vi/4rqkW1hcW-w/maxres2.jpg?sqp=-oaymwEoCIAKENAF8quKqQMcGADwAQH4AbYIgAKAD4oCDAgAEAEYciBRKDgwDw==&rs=AOn4CLAnx5XYvjv_6JaakcIFmMFFXAhSWg,0.01
Donald Trump,https://i.ytimg.com/vi/QMYCiGyeKo8/maxres2.jpg?sqp=-oaymwEoCIAKENAF8quKqQMcGADwAQH4Ac4FgAKACooCDAgAEAEYPCA-KH8wDw==&rs=AOn4CLCcMCSFm9D-OnaXIc_Kwd5YwMfZlg,0.01
Donald Trump,https://i.ytimg.com/vi/78FENJIUbg0/maxres2.jpg?sqp=-oaymwEoCIAKENAF8quKqQMcGADwAQH4Ac4FgAKACooCDAgAEAEYZSBjKEswDw==&rs=AOn4CLBVOX5XZlgM7D9PxqiNeixezCJ88Q,0.03
Donald Trump,https://i.ytimg.com/vi/__6DPExaVKQ/maxresdefault.jpg?sqp=-oaymwEmCIAKENAF8quKqQMa8AEB-AG0CIACgA-KAgwIABABGEYgRyhZMA8=&rs=AOn4CLDkqYhnaSVTZePw39_MaF3V4l87OQ,0.01
Donald Trump,https://i.ytimg.com/vi/bRkQ6CKsOxg/maxresdefault.jpg?sqp=-oaymwEoCIAKENAF8quKqQMcGADwAQH4AbYIgAKAD4oCDAgAEAEYXyBfKF8wDw==&rs=AOn4CLDhOhUK-atK3DOORGvJFrwkrDLZ9g,0.32
Donald Trump,https://i.ytimg.com/vi/HT-XB6NV5q0/maxres2.jpg?sqp=-oaymwEoCIAKENAF8quKqQMcGADwAQH4Ac4FgAKACooCDAgAEAEYfyATKBQwDw==&rs=AOn4CLDbCb-WTzgGtpwVbvhHVjElJBq_gA,0.01
Donald Trump,https://i.ytimg.com/vi/X6Jkefj5Yxo/maxresdefault.jpg?sqp=-oaymwEmCIAKENAF8quKqQMa8AEB-AHeA4AC1gaKAgwIABABGH8gLygoMA8=&rs=AOn4CLBxYjaS2TQEodsVRjGtyQj8XnW4AA,0.01
Donald Trump,https://i.ytimg.com/vi/FGt1i4x8VT8/maxres2.jpg?sqp=-oaymwEoCIAKENAF8quKqQMcGADwAQH4Ac4FgAKACooCDAgAEAEYXCBaKGUwDw==&rs=AOn4CLA1EXzOWkrTHqirjaoKJCznkmfCTA,0.01
Donald Trump,https://i.ytimg.com/vi/wWTspVBOXNU/maxresdefault.jpg?sqp=-oaymwEmCIAKENAF8quKqQMa8AEB-AG2CIACgA-KAgwIABABGDIgVyhyMA8=&rs=AOn4CLBzINLW-Z-J_CAzEs9RHRJTh3izbQ,0.01
Donald Trump,https://i.dailymail.co.uk/1s/2025/06/25/12/1750851976473_lc_galleryImage_US_President_Donald_Trump.JPG,0.01
Donald Trump,https://i.ytimg.com/vi/klWRT-Zv7b8/maxres2.jpg?sqp=-oaymwEoCIAKENAF8quKqQMcGADwAQH4AbYIgAKAD4oCDAgAEAEYTSBYKGUwDw==&rs=AOn4CLBbtsGEorR78dDUDRlHUFTbbycCGA,0.01
Donald Trump,https://i.ytimg.com/vi/T9Dke2-uobA/maxresdefault.jpg,0.01
Donald Trump,https://i.ytimg.com/vi/gDmMJ1FW3MY/maxres2.jpg?sqp=-oaymwEoCIAKENAF8quKqQMcGADwAQH4AbYIgAKAD4oCDAgAEAEYDyBlKEwwDw==&rs=AOn4CLBLXs5LHjM3LpcOF5VXg9elxWp8wA,0.01
Donald Trump,https://i.ytimg.com/vi/Lsb6JNvjcuQ/maxresdefault.jpg?sqp=-oaymwEmCIAKENAF8quKqQMa8AEB-AH-CYAC0AWKAgwIABABGGUgXShbMA8=&rs=AOn4CLC9oR7jvRESVTsWbDBoqvJONaEpDw,0.01
Donald Trump,https://i.ytimg.com/vi/PExqrkMVmek/maxres2.jpg?sqp=-oaymwEoCIAKENAF8quKqQMcGADwAQH4AbYIgAKAD4oCDAgAEAEYPyBlKGQwDw==&rs=AOn4CLB3jeYB7HH18PqpvcCfyxSXSVz6dQ,0.99
Donald Trump,https://img.particlenews.com/image.php?type=thumbnail_580x000&url=0KgzDG_125QbBNr00,0.01
Donald Trump,https://i.ytimg.com/vi/dHlsPkwJ2-U/maxres2.jpg?sqp=-oaymwEoCIAKENAF8quKqQMcGADwAQH4Ac4FgAKACooCDAgAEAEYZSBeKFAwDw==&rs=AOn4CLBgBx94zcZlkPvzIzsFrFU2Pyshqg,0.01
Donald Trump,https://i.ytimg.com/vi/BUDkHH44Zx8/maxresdefault.jpg?sqp=-oaymwEoCIAKENAF8quKqQMcGADwAQH4AbYIgAKAD4oCDAgAEAEYTSBbKGUwDw==&rs=AOn4CLAggzx7_hBljasR2Pb_vrB8cIeGTg,0.01
Donald Trump,https://i.ytimg.com/vi/SciQIHTWlOI/hqdefault.jpg,0.01
Donald Trump,https://img.particlenews.com/image.php?type=thumbnail_580x000&url=2eH4Rk_129eObjw00,0.01
Donald Trump,https://i.ytimg.com/vi/oP234uZh3h0/maxres2.jpg?sqp=-oaymwEoCIAKENAF8quKqQMcGADwAQH4Ad4DgALWBooCDAgAEAEYZSBdKEIwDw==&rs=AOn4CLDo9Ozlw8Y8LikxTMuNJMWZ88A0PQ,0.02
Donald Trump,https://i.ytimg.com/vi/VYwRzWsIXB8/maxresdefault.jpg,0.01
Donald Trump,https://i.ytimg.com/vi/834nP8HsI94/maxres2.jpg?sqp=-oaymwEoCIAKENAF8quKqQMcGADwAQH4Ac4FgAKACooCDAgAEAEYfyATKBQwDw==&rs=AOn4CLCmAcQ6Ai0JUcETQEiSPQtOMhGljg,0.01
Donald Trump,https://i.ytimg.com/vi/3BMAWfW1B8I/maxres2.jpg?sqp=-oaymwEoCIAKENAF8quKqQMcGADwAQH4Ac4FgAKACooCDAgAEAEYEyA1KH8wDw==&rs=AOn4CLDrMYmbagyBEWoTyTWKKDcwfo9xUA,0.01
Donald Trump,https://i.ytimg.com/vi/q6OAzlc-9VM/maxres2.jpg?sqp=-oaymwEoCIAKENAF8quKqQMcGADwAQH4AbYIgAKAD4oCDAgAEAEYZSBWKEUwDw==&rs=AOn4CLAE3_WSDbgBBXDVJdoBq7ZCb9I-lg,0.99
Donald Trump,https://i.ytimg.com/vi/K5yfaWwOJDQ/maxresdefault.jpg?sqp=-oaymwEmCIAKENAF8quKqQMa8AEB-AHeA4AC1gaKAgwIABABGGUgZShlMA8=&rs=AOn4CLC0PyIOOPRYu-8zUlUKUk0FexHrlQ,
Donald Trump,https://i.ytimg.com/vi/44Qt5PIGOm0/maxres2.jpg?sqp=-oaymwEoCIAKENAF8quKqQMcGADwAQH4Ac4FgAKACooCDAgAEAEYfyATKBwwDw==&rs=AOn4CLAsZu2501yQKSHTbGjNp1--8AFYqg,0.01
Kamala Harris,"https://media.cnn.com/api/v1/images/stellar/prod/harris-20250501035953606.jpg?c=16x9&q=w_1280,c_fill",0.01
Kamala Harris,https://popculture.com/wp-content/uploads/sites/5/2021/09/02d38e53-6b68-4961-af71-ba735d5d6b14.jpg,0.01
Kamala Harris,https://static01.nyt.com/images/2024/07/25/multimedia/25LIVE-HARRISTEACHERS-gwtq/25LIVE-HARRISTEACHERS-gwtq-facebookJumbo.jpg,0.01
Kamala Harris,https://static01.nyt.com/images/2024/08/22/multimedia/22dc-harris-tax-hgtp/22dc-harris-tax-hgtp-articleLarge.jpg?quality=75&auto=webp&disable=upscale,0.01
Kamala Harris,https://img.lemde.fr/2025/06/13/0/0/3471/2420/664/0/75/0/383051a_upload-1-nhq8msmv4b1r-babak.jpg,0.02
Kamala Harris,https://i3.cpcache.com/merchandise/1544_750x750_Back_Color-White.jpg?Size=S&AttributeValue=NA&c=False&ProductNo=1217056254,
Kamala Harris,https://img-s-msn-com.akamaized.net/tenant/amp/entityid/AA1H87pL.img?w=1200&h=675&m=4&q=85,0.01
Kamala Harris,https://img-s-msn-com.akamaized.net/tenant/amp/entityid/AA1qa0rH.img?w=1920&h=1080&m=4&q=79,0.01
Kamala Harris,https://img-s-msn-com.akamaized.net/tenant/amp/entityid/AA1Hpju6.img?w=1200&h=515&m=4&q=72,0.12
Kamala Harris,https://static01.nyt.com/images/2024/08/22/multimedia/22dc-harris-tax-hgtp/22dc-harris-tax-hgtp-facebookJumbo.jpg,0.01
Kamala Harris,https://img-s-msn-com.akamaized.net/tenant/amp/entityid/AA1Hqaws.img?w=1600&h=1067&m=4&q=82,0.01
Kamala Harris,https://img-s-msn-com.akamaized.net/tenant/amp/entityid/AA1Hqd1M.img?w=1600&h=1067&m=4&q=0,0.01
Kamala Harris,https://static01.nyt.com/images/2024/08/06/multimedia/06pol-harris-ticktock-topart-btmq/06pol-harris-ticktock-topart-btmq-articleLarge.jpg?quality=75&auto=webp,0.01
Kamala Harris,https://img-s-msn-com.akamaized.net/tenant/amp/entityid/AA1H7WZ8.img?w=800&h=450&m=4&q=81,0.01
Kamala Harris,https://static01.nyt.com/images/2024/07/25/multimedia/25LIVE-HARRISTEACHERS-gwtq/25LIVE-HARRISTEACHERS-gwtq-articleLarge.jpg?quality=75&auto=webp&disable=upscale,0.01
Kamala Harris,https://img-s-msn-com.akamaized.net/tenant/amp/entityid/AA1H7NGJ.img?w=768&h=402&m=6&x=536&y=95&s=140&d=140,0.01
Kamala Harris,https://img-s-msn-com.akamaized.net/tenant/amp/entityid/AA1HqfaW.img?w=768&h=512&m=6,0.01
Kamala Harris,https://img.particlenews.com/img/id/4JtsR7_125SKf8A00,0.01
Kamala Harris,https://img-s-msn-com.akamaized.net/tenant/amp/entityid/AA1H7J9A.img?w=1200&h=628&m=4&q=74,0.01
Kamala Harris,https://img-s-msn-com.akamaized.net/tenant/amp/entityid/AA1Hcf7T.img?w=749&h=421&m=4&q=85,0.01
Kamala Harris,https://i3.cpcache.com/merchandise/136162741/152_1000x1000.jpg?LifestyleId=8618&RecipeType=Lifestyle&ProductNo=1217867247,
Kamala Harris,https://i3.cpcache.com/merchandise/136162741/152_750x750.jpg?LifestyleId=8618&RecipeType=Lifestyle&ProductNo=1217867247,
Kamala Harris,https://img-s-msn-com.akamaized.net/tenant/amp/entityid/AA1Hhka0.img?w=1024&h=685&m=4&q=100,0.01
Kamala Harris,https://static01.nyt.com/images/2024/07/18/multimedia/00biden-campaign-kamala-issues-1-fkcp/00biden-campaign-kamala-issues-1-fkcp-articleLarge.jpg?quality=75&auto=webp,0.01
Kamala Harris,https://nittanylionswire.usatoday.com/gcdn/authoring/authoring-images/2024/07/25/NAAS/74542133007-harris-houston-9.jpg?width=660&height=440&fit=crop&format=pjpg&auto=webp,
Kamala Harris,https://i3.cpcache.com/merchandise/152_750x750_Back_Color-Black.jpg?Size=L&AttributeValue=NA&c=False&ProductNo=1217867247,
Kamala Harris,https://daytimeconfidential.com/.image/t_share/MTczMTI5NjAyMzQ3MDUwNTI4/screen-shot-2020-06-08-at-30006-pm.png,0.01
Kamala Harris,https://cdn01.justjared.com/wp-content/uploads/headlines/2025/06/cuban-vp.jpg,0.01
Kamala Harris,https://edge.dailyvoice.com/upload/Screen_Shot_2024-11-06_at_4.37.12_PM.png?width=1280,0.01
Kamala Harris,https://img-s-msn-com.akamaized.net/tenant/amp/entityid/AA1H558h.img?w=1200&h=800&m=4&q=100,0.01
Kamala Harris,https://img-s-msn-com.akamaized.net/tenant/amp/entityid/AA1H7EG3.img?w=768&h=402&m=6&x=496&y=155&s=282&d=282,0.01
Kamala Harris,https://img.particlenews.com/img/id/0mdFBq_129eKxlq00,0.01
Kamala Harris,https://focus.huffingtonpost.fr/2024/05/09/59/0/4212/2369/1820/1023/75/0/1dab6dd_1715281365479-000-34r9799.jpg,0.01
Kamala Harris,https://img-s-msn-com.akamaized.net/tenant/amp/entityid/AA1Hhka0.img?w=768&h=514&m=6&x=363&y=174&s=290&d=290,0.01
Kamala Harris,https://hollywoodunlocked.com/wp-content/uploads/2025/06/Clips-Of-Kamala-Harris-And-Donald-Trump-Speaking-On-Iran-And-World-War-3-Resurface-After-Trump-Strikes-Three-Iranian-Nuclear-Sites-Amid-Israel-Iran-Conflict-768x514.jpg,0.01
Kamala Harris,https://img-s-msn-com.akamaized.net/tenant/amp/entityid/BB1m7dbQ.img?w=768&h=432&m=6&x=1320&y=359&s=356&d=356,0.01
Kamala Harris,https://i3.cpcache.com/merchandise/164_750x750_Back_Color-Black.jpg?Size=L&AttributeValue=NA&c=False&ProductNo=1224829353,
Kamala Harris,https://i3.cpcache.com/merchandise/164_1000x1000_Back_Color-Black.jpg?Size=L&AttributeValue=NA&c=False&ProductNo=1224829353,
Kamala Harris,https://img-s-msn-com.akamaized.net/tenant/amp/entityid/AA1pkIys.img?w=768&h=512&m=6&x=492&y=224&s=66&d=66,0.01
Kamala Harris,https://img-s-msn-com.akamaized.net/tenant/amp/entityid/BB1mnq1N.img?w=768&h=512&m=6&x=1253&y=385&s=473&d=473,0.01
Kamala Harris,https://i3.cpcache.com/merchandise/136293604/1372_1000x1000_Front_Color-White.jpg?Size=14,
Kamala Harris,https://img-s-msn-com.akamaized.net/tenant/amp/entityid/AA1H7UK7.img?w=768&h=402&m=6&x=435&y=98&s=112&d=112,0.01
Kamala Harris,https://img.particlenews.com/img/id/0C8JXu_125GNmec00,0.01
Kamala Harris,https://img-s-msn-com.akamaized.net/tenant/amp/entityid/AA1HfZMO.img?w=1280&h=720&m=4&q=90,0.03
Kamala Harris,https://img-s-msn-com.akamaized.net/tenant/amp/entityid/AA1HlRHL.img?w=1280&h=720&m=4&q=89,0.02
Kamala Harris,https://i2-prod.irishstar.com/article34824404.ece/ALTERNATES/s615b/1_JS349996287.jpg,0.01
Kamala Harris,https://img-s-msn-com.akamaized.net/tenant/amp/entityid/AA1tm1Jk.img?w=750&h=422&m=4&q=74,0.01
Kamala Harris,https://edge.dailyvoice.com/upload/465552580_1120393799447056_5969532783678728377_n.jpg?width=720,0.01
Kamala Harris,"https://www.azcentral.com/gcdn/authoring/authoring-images/2024/07/23/NRCD/74515481007-stock-people-023.JPG?crop=2999,1687,x0,y0&width=660&height=371&format=pjpg&auto=webp",
JD Vance,https://www.cincinnati.com/gcdn/authoring/authoring-images/2024/07/22/PCIN/74502178007-vance-16.JPG?width=1320&height=894&fit=crop&format=pjpg&auto=webp,
JD Vance,https://i.dailymail.co.uk/1s/2024/08/07/13/88260057-13718597-J_D_Vance_spent_six_years_in_U_S_Marines_including_six_months_de-a-7_1723035409071.jpg,0.01
JD Vance,https://static01.nyt.com/images/2022/10/26/multimedia/26vance-1-1b11/26vance-1-1b11-videoSixteenByNine3000.jpg?year=2022&h=1687&w=3000&s=474d14d9082af0d70574706f51979d792d81876412f78b959de7227deacedd18&k=ZQJBKqZ0VN&tw=1,0.01
JD Vance,https://www.nickiswift.com/img/gallery/jd-vance-pulls-wife-usha-into-painful-attempt-at-a-joke-as-divorce-rumors-explode/l-intro-1749754575.jpg,0.01
JD Vance,https://img-s-msn-com.akamaized.net/tenant/amp/entityid/AA1H6Zor.img?w=2007&h=1338&m=4&q=75,0.01
JD Vance,https://img-s-msn-com.akamaized.net/tenant/amp/entityid/AA1HjCkD.img?w=1200&h=630&m=4&q=100,0.01
JD Vance,https://www.nickiswift.com/img/gallery/jd-vance-pulls-wife-usha-into-painful-attempt-at-a-joke-as-divorce-rumors-explode/intro-1749754575.jpg,0.01
JD Vance,https://img-s-msn-com.akamaized.net/tenant/amp/entityid/AA1GnSRQ.img?w=1200&h=800&m=4&q=81,0.01
JD Vance,https://www.nickiswift.com/img/gallery/usha-vances-latest-gloomy-behavior-with-jd-backs-what-weve-been-saying/jd-vance-continues-ruining-big-days-with-usha-vance-1750962333.jpg,0.01
JD Vance,https://images.news9live.com/wp-content/uploads/2025/05/vance1.jpg?w=802&enlarge=true,0.01
JD Vance,"https://dolphinswire.usatoday.com/gcdn/authoring/authoring-images/2024/09/17/NAAS/75269590007-letters-wednesday.JPG?crop=4544,2556,x0,y303&width=3200&height=1800&format=pjpg&auto=webp",
JD Vance,https://i.abcnewsfe.com/a/b23ac97b-c9e9-4e0d-8072-b59951e9e646/jd-vance-1-abc-gmh-250622_1750597072596_hpMain_16x9.jpg?w=1600,0.01
JD Vance,https://img-s-msn-com.akamaized.net/tenant/amp/entityid/AA1Hcf38.img?w=650&h=434&m=4&q=79,0.01
JD Vance,https://static.srpcdigital.com/styles/1037xauto/public/2025-06/1104664_0.png.webp,0.01
JD Vance,https://www.nickiswift.com/img/gallery/jd-vance-stoops-to-trumps-inappropriate-ways-embarrasses-himself-publish-on-nicki/intro-1750884700.jpg,0.01
JD Vance,https://img-s-msn-com.akamaized.net/tenant/amp/entityid/AA1H8af6.img?w=1280&h=720&m=4&q=67,0.01
JD Vance,https://img-s-msn-com.akamaized.net/tenant/amp/entityid/AA1Hc0vp.img?w=650&h=434&m=4&q=0,0.01
JD Vance,https://www.nickiswift.com/img/gallery/usha-vances-latest-gloomy-behavior-with-jd-backs-what-weve-been-saying/intro-1750962711.jpg,0.01
JD Vance,https://i.headtopics.com/images/2025/6/22/thedailybeast/vance-angrily-denies-that-bombing-iran-qualifies-a-vance-angrily-denies-that-bombing-iran-qualifies-a-6B9AAC8474BAF00F4FCA893A22547916.webp?w=640,
JD Vance,https://img.20mn.fr/Nk6SBVUCTnuJ7mHLUmRTeik/1444x920_vice-president-jd-vance-speaks-during-a-visit-to-the-wilshire-federal-building-friday-june-20-2025-in-los-angeles-ap-photo-jae-c-hong-la520-25171820682676-2506210055,0.01
JD Vance,https://akcdn.detik.net.id/visual/2024/07/17/cawapres-dari-partai-republik-jd-vance_169.jpeg?w=1200,0.01
JD Vance,https://www.rawstory.com/media-library/u-s-vice-president-jd-vance-delivers-remarks-next-to-u-s-attorney-for-the-central-district-of-california-bill-essayli-and-assi.jpg?id=61083401&width=1200&height=600&coordinates=0%2C542%2C0%2C543,0.01
JD Vance,https://www.indy100.com/media-library/image.jpg?id=61075401&width=1200&height=600&coordinates=840%2C449%2C0%2C623,0.01
JD Vance,https://img-s-msn-com.akamaized.net/tenant/amp/entityid/AA1HcdAi.img?w=1200&h=800&m=4&q=98,0.01
JD Vance,https://www.rawstory.com/media-library/u-s-vice-president-jd-vance-delivers-remarks-at-the-wilshire-federal-building-in-los-angeles-california-u-s-june-20-2025.jpg?id=61101036&width=1200&height=800,0.01
JD Vance,https://ussanews.com/wp-content/uploads/2025/06/sg-vance-1200x630-2.jpg,
JD Vance,https://img.republicworld.com/all_images/jd-vance-1745211496962-16_9.webp?w=1280&h=720&q=75&format=webp,0.01
JD Vance,https://img.republicworld.com/all_images/jd-vance-1745211496962-16_9.webp,0.01
JD Vance,https://i2-prod.irishstar.com/article35430544.ece/ALTERNATES/s1023/1_Vice-President-JD-Vance-Visits-Los-Angeles-After-Unrest-Over-ICE-Raids.jpg,0.01
JD Vance,https://i.kym-cdn.com/editorials/icons/original/000/013/297/bald-jd-vance-meme-explainer.jpg,0.01
JD Vance,https://internewscast.com/wp-content/uploads/2025/06/rewrite-this-title-JD-Vance-visits-LA-amid-California-standoff-800x430.jpg,0.01
JD Vance,https://img-s-msn-com.akamaized.net/tenant/amp/entityid/AA1HcIZ7.img?w=1600&h=1067&m=4&q=75,0.001
JD Vance,https://i.kym-cdn.com/editorials/icons/mobile/000/013/297/bald-jd-vance-meme-explainer.jpg,0.01
JD Vance,https://internewscast.com/wp-content/uploads/2025/06/rewrite-this-title-JD-Vance-visits-LA-amid-California-standoff-560x300.jpg,0.01
JD Vance,https://img-s-msn-com.akamaized.net/tenant/amp/entityid/AA1HpwH6.img?w=1024&h=683&m=4&q=100,0.02
JD Vance,https://img-s-msn-com.akamaized.net/tenant/amp/entityid/AA1HlxmP.img?w=1600&h=1067&m=4&q=75,0.01
JD Vance,https://i2-prod.irishstar.com/article35430544.ece/ALTERNATES/s1200/1_Vice-President-JD-Vance-Visits-Los-Angeles-After-Unrest-Over-ICE-Raids.jpg,0.01
JD Vance,https://i.kym-cdn.com/entries/icons/mobile/000/054/541/norwegian-jd-vance.jpg,0.01
JD Vance,https://renewedright.com/wp-content/uploads/2025/06/shutterstock_2502320099-Editor.jpg,0.01
JD Vance,https://www.newstarget.com/wp-content/uploads/sites/43/2025/06/JD-Vance-Air-Force-Two.jpg,0.01
JD Vance,https://www.usatoday.com/gcdn/authoring/authoring-images/2025/06/24/NCOD/84343748007-20250624-t-225813-z-2023322912-rc-2-a-9-fa-08-ci-6-rtrmadp-3-usavance.JPG?width=660&height=441&fit=crop&format=pjpg&auto=webp,
JD Vance,https://img-s-msn-com.akamaized.net/tenant/amp/entityid/AA1HgbV1.img?w=1500&h=1000&m=4&q=79,0.01
JD Vance,https://static01.nyt.com/images/2022/12/08/multimedia/08election-day-vance-ryan-hfo-topreplaced02-1-4514/08election-day-vance-ryan-hfo-topreplaced02-1-4514-videoSixteenByNine3000.jpg,0.01
JD Vance,https://taskandpurpose.com/wp-content/uploads/2024/07/Vance.jpg?w=1597&h=894,0.01
JD Vance,https://taskandpurpose.com/wp-content/uploads/2024/07/Vance.jpg?w=1536&h=860,0.01
JD Vance,https://i2-prod.dailystar.co.uk/article35443791.ece/ALTERNATES/s1023/0_JD-vance-memejfif.jpg,0.43
JD Vance,https://totalnews.com/wp-content/uploads/2025/06/JD-Vance-proposes-that-Irans-uranium-may-be-hidden-as-768x512.jpg,0.01
JD Vance,https://i2-prod.irishstar.com/article35457829.ece/ALTERNATES/s1023/0_Usha-Vance-discusses-4th-child-with-JD-Vance.jpg,0.01
JD Vance,https://www.abdpost.com/images/haberler/2025/06/usha-vance-teases-whether-she-and-jd-are-planning-for-another-baby-1750880704.jpg,0.01
JD Vance,https://static01.nyt.com/images/2024/09/22/multimedia/22pol-trump-vance-nativist-ctjh/22pol-trump-vance-nativist-ctjh-superJumbo.jpg?quality=75&auto=webp,0.01
JD Vance,https://i2-prod.irishstar.com/article35430544.ece/ALTERNATES/s508/1_Vice-President-JD-Vance-Visits-Los-Angeles-After-Unrest-Over-ICE-Raids.jpg,0.01
JD Vance,https://img-s-msn-com.akamaized.net/tenant/amp/entityid/AA1Hqddd.img?w=780&h=438&m=4&q=91,0.01
JD Vance,https://img-s-msn-com.akamaized.net/tenant/amp/entityid/AA1H8Chw.img?w=1200&h=801&m=4&q=70,0.01
JD Vance,https://img-s-msn-com.akamaized.net/tenant/amp/entityid/AA1HcbXS.img?w=800&h=534&m=4&q=79,0.01
JD Vance,https://mainstream.whatfinger.com/wp-content/uploads/2025/06/jd-vance-sends-scathing-message.jpg,0.01
JD Vance,https://static01.nyt.com/images/2024/09/22/multimedia/22pol-trump-vance-nativist-ctjh/22pol-trump-vance-nativist-ctjh-jumbo.jpg?quality=75&auto=webp,0.01
JD Vance,https://img-s-msn-com.akamaized.net/tenant/amp/entityid/AA1H85Tn.img?w=1600&h=1067&m=4&q=77,0.01
JD Vance,https://static01.nyt.com/images/2024/09/22/multimedia/22pol-trump-vance-nativist-ctjh/22pol-trump-vance-nativist-ctjh-videoSixteenByNine3000.jpg,0.01
JD Vance,https://img-s-msn-com.akamaized.net/tenant/amp/entityid/AA1H99Zi.img?w=1600&h=1067&m=4&q=77,0.01
JD Vance,https://img-s-msn-com.akamaized.net/tenant/amp/entityid/AA1HpYxc.img?w=2048&h=1152&m=4&q=72,0.01
JD Vance,https://img-s-msn-com.akamaized.net/tenant/amp/entityid/AA1Hq2y5.img?w=2048&h=1152&m=4&q=73,0.01
JD Vance,https://img-s-msn-com.akamaized.net/tenant/amp/entityid/AA1HpTQC.img?w=2048&h=1152&m=4&q=0,0.01
JD Vance,"https://bi.im-g.pl/im/91/91/1e/z32052881AMP,Wiceprezydent-USA-J-D--Vance.jpg",0.01
JD Vance,https://i2-prod.irishstar.com/article35447293.ece/ALTERNATES/s615b/0_Vance-Ohio-25175859525123.jpg,0.01
JD Vance,https://i2-prod.dailystar.co.uk/article35443791.ece/ALTERNATES/s615/0_JD-vance-memejfif.jpg,0.23
JD Vance,https://i.headtopics.com/images/2025/6/25/foxnews/second-lady-usha-vance-opens-up-about-interfaith-p-second-lady-usha-vance-opens-up-about-interfaith-p-4D437AA89C17673C262BAA8DEFA3D743.webp?w=640,
JD Vance,https://www.rawstory.com/media-library/u-s-vice-president-jd-vance-delivers-remarks-at-the-wilshire-federal-building-in-los-angeles-california-u-s-june-20-2025.jpg?id=61101036&width=1200&height=600&coordinates=0%2C542%2C0%2C543,0.01
JD Vance,https://www.nickiswift.com/img/gallery/usha-vances-fathers-day-ode-to-jd-wont-help-those-divorce-rumors/usha-vance-is-focused-on-her-summer-reading-program-1750093048.jpg,0.01
JD Vance,https://img-s-msn-com.akamaized.net/tenant/amp/entityid/AA1HqhIR.img?w=1280&h=720&m=4&q=100,0.01
JD Vance,https://i2-prod.dailystar.co.uk/article35443791.ece/ALTERNATES/s1200/0_JD-vance-memejfif.jpg,0.04
JD Vance,https://img-s-msn-com.akamaized.net/tenant/amp/entityid/AA1HpYRf.img?w=1200&h=800&m=4&q=81,0.01
JD Vance,https://static01.nyt.com/images/2024/09/22/multimedia/22pol-trump-vance-nativist-ctjh/22pol-trump-vance-nativist-ctjh-facebookJumbo.jpg,0.01
JD Vance,https://media.news.de/images/858080322/images/a9/86/4f9de311fad3dde25a0301c63396/nopic/no_pic/1200/675/1/1/-/-/1280/720/-/-/trumps-mann-fuers-grobe-wie-macht-j-d-vance-zdf_858080322_1200x675_0e301430b8c672386130dd5afb3b0367.jpg,0.13
JD Vance,https://www.nickiswift.com/img/gallery/usha-vances-fathers-day-ode-to-jd-wont-help-those-divorce-rumors/l-intro-1750093395.jpg,0.02
JD Vance,https://i2-prod.dailystar.co.uk/article35443791.ece/ALTERNATES/s508/0_JD-vance-memejfif.jpg,0.01
JD Vance,https://image.stern.de/35704842/t/9Z/v1/w480/r1.5/-/jd-vance--1-.jpg,0.01
JD Vance,https://conteudo.imguol.com.br/c/noticias/65/2025/06/25/turista-noruegues-alega-que-teve-entrada-nos-eua-por-causa-de-meme-com-vance-mas-o-governo-negou-1750890639301_v2_900x506.jpg,0.01
JD Vance,https://img-s-msn-com.akamaized.net/tenant/amp/entityid/AA1HgY3z.img?w=1280&h=720&m=4&q=88,0.03
JD Vance,https://img-s-msn-com.akamaized.net/tenant/amp/entityid/AA1HoVvw.img?w=1280&h=720&m=4&q=40,0.01
JD Vance,https://img-s-msn-com.akamaized.net/tenant/amp/entityid/AA1H83Dl.img?w=1200&h=800&m=4&q=81,0.01
JD Vance,https://img-s-msn-com.akamaized.net/tenant/amp/entityid/AA1HcxEb.img?w=1200&h=800&m=4&q=97,0.01
JD Vance,https://img-s-msn-com.akamaized.net/tenant/amp/entityid/AA1HceRg.img?w=600&h=455&m=4&q=100,0.01
JD Vance,https://www.nickiswift.com/img/gallery/usha-vances-fathers-day-ode-to-jd-wont-help-those-divorce-rumors/intro-1750093395.jpg,0.01
JD Vance,https://img-s-msn-com.akamaized.net/tenant/amp/entityid/AA1HtCtl.img?w=810&h=539&m=4&q=79,0.02
JD Vance,https://i.headtopics.com/images/2025/6/25/thedailybeast/cbp-reposts-vance-meme-after-tourist-claims-he-was-cbp-reposts-vance-meme-after-tourist-claims-he-was-6DA882B2753828BB9E4A2ED6BBC58913.webp,0.01
JD Vance,https://tarheelswire.usatoday.com/gcdn/authoring/authoring-images/2025/04/05/PCIN/82956521007-hands-off-protest-25017.jpg?width=660&height=440&fit=crop&format=pjpg&auto=webp,
JD Vance,https://img-s-msn-com.akamaized.net/tenant/amp/entityid/AA1H8vpo.img?w=840&h=560&m=4&q=74,0.01
JD Vance,https://truthorfake.com/_next/image?url=%2Fapi%2Fimages%2Fblog-images%2F27402%2Fvance-faces-skepticism-from-bo-d46dd085.jpg&w=3840&q=75,0.01
JD Vance,https://truthorfake.com/_next/image?url=%2Fapi%2Fimages%2Fblog-images%2F27402%2Fvance-faces-skepticism-from-bo-d46dd085.jpg&w=1080&q=75,0.01
Joe Biden,https://img-s-msn-com.akamaized.net/tenant/amp/entityid/BB1oMfOw.img?w=2500&h=1667&m=4&q=89,
Joe Biden,https://d.newsweek.com/en/full/2415746/joe-biden-donald-trump-debate.png?w=1200&f=e54362f7cece740cbad3c981eec7b01c,0.01
Joe Biden,"https://hips.hearstapps.com/hmg-prod/images/president-joe-biden-listens-to-first-lady-jill-biden-speak-news-photo-1748021307.pjpeg?crop=0.672xw:1.00xh;0.214xw,0&resize=640:*",0.01
Joe Biden,https://img-s-msn-com.akamaized.net/tenant/amp/entityid/BB1p0yYu.img?w=768&h=512&m=6,0.01
Joe Biden,https://content2.promiflash.de/article-images/video_1080/joe-biden-und-alan-ritchson.jpg,0.01
Joe Biden,https://img-s-msn-com.akamaized.net/tenant/amp/entityid/BB1oSe4W.img?w=634&h=429&m=6&x=175&y=129&s=91&d=91,
Joe Biden,https://img-s-msn-com.akamaized.net/tenant/amp/entityid/AA1HfFLY.img?w=780&h=438&m=4&q=91,0.01
Joe Biden,https://img-s-msn-com.akamaized.net/tenant/amp/entityid/AA1HfKPl.img?w=768&h=431&m=6&x=76&y=168&s=275&d=44,0.01
Joe Biden,https://p16-common-sign-useast2a.tiktokcdn-us.com/tos-useast2a-p-0037-euttp/3fc01c9d4d4042f79ce24aea35730df7_1710074150~tplv-tiktokx-origin.image?dr=9636&x-expires=1750896000&x-signature=zQX2GQW5bMZHhhOVQUU8N3bsfJE%3D&t=4d5b0474&ps=13740610&shp=81f88b70&shcp=43f4a2f9&idc=useast5,
Joe Biden,https://img-s-msn-com.akamaized.net/tenant/amp/entityid/BB1oSp37.img?w=634&h=427&m=6&x=247&y=172&s=70&d=70,0.07
Joe Biden,https://img-s-msn-com.akamaized.net/tenant/amp/entityid/BB1p0yYu.img?w=2400&h=1600&m=4&q=74,0.01
Joe Biden,https://hips.hearstapps.com/hmg-prod/images/president-joe-biden-stops-for-ice-cream-at-baskin-robbins-news-photo-1748022556.pjpeg?resize=980:*,0.01
Joe Biden,https://i3.cpcache.com/merchandise/167_1000x1000_Back_Color-Black.jpg?Size=S&AttributeValue=NA&c=False&ProductNo=1222286623,
Joe Biden,https://img-s-msn-com.akamaized.net/tenant/amp/entityid/BB1oROiz.img?w=1024&h=576&m=4&q=74,0.01
Joe Biden,https://img-s-msn-com.akamaized.net/tenant/amp/entityid/BB1oRX5v.img?w=768&h=432&m=6&x=483&y=114&s=146&d=146,0.01
Joe Biden,https://img-s-msn-com.akamaized.net/tenant/amp/entityid/AA1HrDw2.img?w=768&h=432&m=6&x=457&y=100&s=78&d=78,0.01
Joe Biden,https://img-s-msn-com.akamaized.net/tenant/amp/entityid/AA1HfFLY.img?w=768&h=431&m=6&x=315&y=90&s=284&d=266,0.01
Joe Biden,"https://ftw.usatoday.com/gcdn/presto/2020/12/21/PPHXS/fae6efe7-5a3d-41ac-8c08-bdd84a1671de-ca789801ccd6871ad3070390b085cb499b50c2fd.jpg?crop=4527,2547,x0,y181&width=3200&height=1801&format=pjpg&auto=webp",
Joe Biden,https://i3.cpcache.com/merchandise/167_750x750_Back_Color-Black.jpg?Size=S&AttributeValue=NA&c=False&ProductNo=1222286623,
Joe Biden,https://motorsportswire.usatoday.com/gcdn/authoring/authoring-images/2024/05/02/NSTN/73547048007-wilm-afone-14.JPG?width=1320&height=912&fit=crop&format=pjpg&auto=webp,
Joe Biden,"https://www.usatoday.com/gcdn/authoring/authoring-images/2025/06/23/USAT/84323689007-joe-biden.jpg?crop=1720,967,x199,y0&width=1720&height=967&format=pjpg&auto=webp",
Joe Biden,https://img-s-msn-com.akamaized.net/tenant/amp/entityid/BB1oNRNH.img?w=768&h=768&m=6,
Joe Biden,"https://media.cnn.com/api/v1/images/stellar/prod/240307231453-joe-biden-3.jpg?c=16x9&q=w_250,c_fill",0.01
Joe Biden,https://img-s-msn-com.akamaized.net/tenant/amp/entityid/BB1oNRNO.img?w=768&h=512&m=6,
Joe Biden,https://img-s-msn-com.akamaized.net/tenant/amp/entityid/BB1oDQvm.img?w=1024&h=575&m=4&q=74,
Joe Biden,https://ftw.usatoday.com/gcdn/presto/2020/12/21/PPHXS/fae6efe7-5a3d-41ac-8c08-bdd84a1671de-ca789801ccd6871ad3070390b085cb499b50c2fd.jpg?width=1320&height=852&fit=crop&format=pjpg&auto=webp,
Joe Biden,https://img-s-msn-com.akamaized.net/tenant/amp/entityid/BB1oO6O3.img?w=580&h=623&m=6,
Joe Biden,https://img-s-msn-com.akamaized.net/tenant/amp/entityid/BB10piIP.img?w=540&h=280&q=90&m=6&f=jpg&u=t,0.72
Joe Biden,https://img-s-msn-com.akamaized.net/tenant/amp/entityid/AA1okO6s.img?w=590&h=393&m=4&q=79,0.01
Joe Biden,https://ahotoronline.com/wp-content/uploads/2024/07/Joe-Biden.webp,0.01
Joe Biden,https://img-s-msn-com.akamaized.net/tenant/amp/entityid/BB1oNWZg.img?w=768&h=768&m=6,
Joe Biden,https://img-s-msn-com.akamaized.net/tenant/amp/entityid/BB1oSgw6.img?w=634&h=274&m=6,
Joe Biden,https://img-s-msn-com.akamaized.net/tenant/amp/entityid/AA1Hbeji.img?w=1888&h=1070&m=4&q=100,0.02
Joe Biden,https://straightshooternews.com/wp-content/uploads/sites/27/2025/06/shutterstock_1852011586.jpg-768x511.jpeg,0.01
Joe Biden,https://upload.wikimedia.org/wikipedia/en/9/9b/2024_Biden-Trump_debate.jpg,0.01
Joe Biden,https://www.usatoday.com/gcdn/authoring/authoring-images/2025/06/23/USAT/84323689007-joe-biden.jpg?width=1320&height=744&fit=crop&format=pjpg&auto=webp,
Joe Biden,https://lookaside.fbsbx.com/lookaside/crawler/media/?media_id=1336078198082283,
Joe Biden,https://img-s-msn-com.akamaized.net/tenant/amp/entityid/BB1oNWZg.img?w=1000&h=1000&m=4&q=89,
Joe Biden,"https://media-cldnry.s-nbcnews.com/image/upload/t_fit-760w,f_auto,q_auto:best/rockcms/2024-06/240603-joe-biden-donald-trump-seamless-2-up-split-3x2-ac-851p-c60372.jpg",0.01
Joe Biden,https://content5.promiflash.de/article-images/square-100/joe-biden-spricht-in-ein-mikrofon.jpg,0.01
Joe Biden,https://www.comicsands.com/media-library/joe-biden-alan-ritchson.png?id=61087901&width=1200&height=600&coordinates=0%2C14%2C0%2C14,0.01
Joe Biden,https://www.comicsands.com/media-library/joe-biden-alan-ritchson.png?id=61087901&width=1245&height=700&quality=85&coordinates=41%2C0%2C42%2C0,0.01
Joe Biden,https://upload.wikimedia.org/wikipedia/en/thumb/9/9b/2024_Biden-Trump_debate.jpg/330px-2024_Biden-Trump_debate.jpg,0.01
Joe Biden,https://img-s-msn-com.akamaized.net/tenant/amp/entityid/BB1oVCQ6.img?w=768&h=512&m=6&x=438&y=182&s=373&d=373,
Joe Biden,https://img-s-msn-com.akamaized.net/tenant/amp/entityid/AA1Hq9aC.img?w=526&h=307&m=4&q=85,0.01
Joe Biden,https://img-s-msn-com.akamaized.net/tenant/amp/entityid/BB1oJW4j.img?w=630&h=472&m=4&q=74,
Joe Biden,https://content2.promiflash.de/article-images/video_250/joe-biden-haelt-eine-rede-4.jpg,0.01
Joe Biden,https://ftw.usatoday.com/gcdn/presto/2020/12/21/PPHXS/fae6efe7-5a3d-41ac-8c08-bdd84a1671de-ca789801ccd6871ad3070390b085cb499b50c2fd.jpg?width=660&height=426&fit=crop&format=pjpg&auto=webp,
Joe Biden,https://img-s-msn-com.akamaized.net/tenant/amp/entityid/BB1oJW4j.img?w=630&h=472&m=6&x=223&y=112&s=144&d=144,
Joe Biden,https://static.wikia.nocookie.net/ruinam-moderna/images/0/05/Joe_Biden_presidential_portrait.webp/revision/latest/scale-to-width-down/268?cb=20250310213752,0.01
Joe Biden,https://upload.wikimedia.org/wikipedia/commons/thumb/6/68/Joe_Biden_presidential_portrait.jpg/250px-Joe_Biden_presidential_portrait.jpg,0.01
Joe Biden,https://content4.promiflash.de/article-images/video_250/joe-biden-schaut-ernst.jpg,0.02
Joe Biden,https://content3.promiflash.de/article-images/video_250/joe-biden-spricht-4.jpg,0.01
Joe Biden,https://cnnespanol.cnn.com/wp-content/uploads/2024/06/DEBATE-PRESIDENCIAL-BIDEN-TRUMP-InShowPromo.png,0.9
Joe Biden,https://ftw.usatoday.com/gcdn/presto/2020/12/10/PPHXS/9ebf0740-505b-4514-8fd3-8e67a0426b94-c6d28f307bb1591350381e257f914e3a5fee5ab3.jpg?width=660&height=460&fit=crop&format=pjpg&auto=webp,
Joe Biden,https://www.usatoday.com/gcdn/authoring/authoring-images/2025/06/23/USAT/84323689007-joe-biden.jpg?width=660&height=372&fit=crop&format=pjpg&auto=webp,
Joe Biden,https://upload.wikimedia.org/wikipedia/commons/thumb/1/1f/Joe_Biden_81st_birthday.jpg/250px-Joe_Biden_81st_birthday.jpg,0.01
Joe Biden,https://img-s-msn-com.akamaized.net/tenant/amp/entityid/BB1oT7qz.img?w=768&h=512&m=6,
Joe Biden,https://d.newsweek.com/en/full/2416825/donald-trump-joe-biden-sharon-osbourne.jpg?w=1200&f=0783f9f1441a9498192784bfea7d9069,0.01
Joe Biden,https://www.salon.com/app/uploads/2023/12/joe_biden_1784627128.jpg,0.01
Joe Biden,https://img-s-msn-com.akamaized.net/tenant/amp/entityid/BB1oS8yl.img?w=634&h=423&m=6,0.01
Joe Biden,https://badgerswire.usatoday.com/gcdn/authoring/authoring-images/2024/05/03/NSTN/73549372007-biden-22.jpg?width=1320&height=884&fit=crop&format=pjpg&auto=webp,
Joe Biden,https://d.newsweek.com/en/full/2416825/donald-trump-joe-biden-sharon-osbourne.jpg,0.01
Joe Biden,https://img-s-msn-com.akamaized.net/tenant/amp/entityid/BB1oS6sz.img?w=634&h=423&m=6,
Joe Biden,https://img-s-msn-com.akamaized.net/tenant/amp/entityid/BB1oSfu1.img?w=306&h=406&m=6&x=151&y=76&s=83&d=83,
Joe Biden,https://static01.nyt.com/images/2025/06/04/multimedia/04trump-news-biden-lczq/04trump-news-biden-lczq-superJumbo.jpg?quality=75&auto=webp,0.01
Joe Biden,https://www.laprensagrafica.com/__export/1747254547118/sites/prensagrafica/img/2025/05/14/joe_biden.jpg_20896918.jpg,
Joe Biden,https://static01.nyt.com/images/2025/06/04/multimedia/04trump-news-biden-lczq/04trump-news-biden-lczq-jumbo.jpg?quality=75&auto=webp,0.01
Joe Biden,https://www.sinembargo.mx/wp-content/uploads/2024/06/joe-biden-1.jpg,0.01
Joe Biden,https://img.particlenews.com/image.php?type=thumbnail_580x000&url=2FeKFI_127EEvwK00,0.01
Joe Biden,https://img.particlenews.com/image.php?type=thumbnail_580x000&url=0eIjQp_127EEvwK00,0.01
Joe Biden,https://static01.nyt.com/images/2025/06/04/multimedia/04trump-news-biden-lczq/04trump-news-biden-lczq-articleLarge.jpg?quality=75&auto=webp,0.01
Joe Biden,https://img-s-msn-com.akamaized.net/tenant/amp/entityid/BB1oSWL2.img?w=1600&h=900&m=4&q=74,
Joe Biden,https://www.women.com/img/gallery/jill-bidens-leggiest-looks-prove-fashion-has-no-age/jill-biden-had-jaws-on-the-floor-in-an-edgy-leather-look-mini-dress-1750188500.jpg,0.01
Joe Biden,https://img-s-msn-com.akamaized.net/tenant/amp/entityid/AA1Hl0Vi.img?w=1200&h=900&m=4&q=65,0.05
Joe Biden,https://dallasexpress.com/wp-content/uploads/2025/06/US-Mexican-border-wall-Texas-Image-by-Joe-FarahShutterstock.jpg,
Joe Biden,https://www.sinembargo.mx/wp-content/uploads/2024/06/joe-biden-1-768x405.jpg,0.01
Joe Biden,https://www.laprensagrafica.com/__export/1747254547118/sites/prensagrafica/img/2025/05/14/joe_biden.jpg_1758632411.jpg,
Joe Biden,https://img-s-msn-com.akamaized.net/tenant/amp/entityid/AA1HmrM5.img?w=1366&h=768&m=4&q=79,0.01
Joe Biden,https://dailynewsbrew.org/wp-content/uploads/2025/01/2048px-President_Joe_Biden_walks_to_the_Oval_Office_with_President-elect_Donald_Trump_Wednesday_November_13_2024-1.jpg,0.01
Joe Biden,https://www.sinembargo.mx/wp-content/uploads/2024/06/joe-biden-1-696x367.jpg,0.01
Joe Biden,https://img-s-msn-com.akamaized.net/tenant/amp/entityid/BB1oOmXG.img?w=768&h=512&m=6,0.01
"Catherine, Princess of Wales",https://media.tatler.com/photos/638b0fa32a450f714acbdcfb/master/w_1600%2Cc_limit/1446427476,0.02
"Catherine, Princess of Wales",https://img.washingtonpost.com/rf/image_1484w/WashingtonPost/Content/Blogs/royal-wedding-watch/Images/508065727.jpg?uuid=k7sJnkj2EeGaNe499DHc7A,
"Catherine, Princess of Wales",https://stylecaster.com/wp-content/uploads/2022/09/kate-middleton-princess-diana.png,0.01
"Catherine, Princess of Wales",https://tomandlorenzo.com/wp-content/uploads/2022/11/Catherine-Princess-Wales-State-Banquet-South-African-President-Royal-Fashion-Jenny-Packham-TLO-2.jpg,0.01
"Catherine, Princess of Wales",https://e3.365dm.com/24/01/1600x900/skynews-princess-of-wales-catherine_6424674.jpg?20240117142659,0.02
"Catherine, Princess of Wales",https://media-manager.starsinsider.com/gallery/1080/na_646e18d30ad9a.jpg,0.001
"Catherine, Princess of Wales",https://graziamagazine.com/wp-content/uploads/2022/11/GettyImages-1443662917.jpg?resize=1024%2C1443,0.01
"Catherine, Princess of Wales",https://images.hellomagazine.com/horizon/landscape/b0436e4802c1-gettyimages-1778261449.jpg,0.01
"Catherine, Princess of Wales",http://www.thesouthafrican.com/wp-content/uploads/2022/09/o-2022-09-10T072511.940.jpg,
"Catherine, Princess of Wales",https://content.api.news/v3/images/bin/737b9105dfddf254c19a3f9fa1e8d09e,0.54
"Catherine, Princess of Wales",https://people.com/thmb/_yrFsN0LmoB1KRf_B9a4XVCiUe8=/1500x0/filters:no_upscale():max_bytes(150000):strip_icc():focal(790x356:792x358)/prince-william-prince-of-wales-catherine-princess-of-wales-st-davids-cathedral-090823-5-ceec955781b04cf1b88c83e8e8890ac5.jpg,0.01
"Catherine, Princess of Wales",https://images.squarespace-cdn.com/content/v1/5ce324e717665f000183a170/ec870658-9c9e-45cf-9a2b-595e38c6194c/catherine_princess_wales03.jpeg,0.01
"Catherine, Princess of Wales",https://i.pinimg.com/originals/c6/81/ad/c681ad08385ecfb2214332853964bb5b.jpg,0.02
"Catherine, Princess of Wales",https://i.dailymail.co.uk/1s/2023/05/06/12/70654825-12054069-The_Princess_of_Wales_arriving_at_Westminster_Abbey_for_King_Cha-a-95_1683373285516.jpg,0.01
"Catherine, Princess of Wales",https://images.squarespace-cdn.com/content/v1/5ce324e717665f000183a170/83d28871-e2d3-4056-bfa7-a54c1593f14c/catherine_princess_wales02.jpeg,0.01
"Catherine, Princess of Wales",https://mmnews.tv/wp-content/uploads/2024/07/Princess-of-Wales.jpg,0.01
"Catherine, Princess of Wales",https://image.gala.de/23867262/t/PL/v3/w480/r1/-/catherine-princess-of-wales.jpg,0.01
"Catherine, Princess of Wales",https://images.squarespace-cdn.com/content/v1/5ce324e717665f000183a170/16e7de48-e13a-42b2-8ed6-4ab0fd76ecbc/catherine_princess_wales04.jpeg,0.01
"Catherine, Princess of Wales",https://image.gala.de/24275926/t/iI/v7/w960/r1/-/catherine-princess-of-wales.jpg,0.01
"Catherine, Princess of Wales",https://image.gala.de/24260562/t/_a/v3/w1440/r1.7778/-/catherine-princess-of-wales-dec-2024.jpg,0.01
"Catherine, Princess of Wales",https://image.gala.de/23720436/t/_d/v3/w960/r0/-/catherine-princess-of-wales-kompletter-look.jpg,0.01
"Catherine, Princess of Wales",https://static01.nytimes.com/newsgraphics/2024-03-11-royals-photo-edit/0c94f9b2-979b-4c9f-bcb6-e4be2d57ab28/_assets/photo-Artboard_1.jpg,0.01
"Catherine, Princess of Wales",https://image.gala.de/24189214/t/-S/v4/w480/r1/-/catherine-wales.jpg,0.01
"Catherine, Princess of Wales",https://image.gala.de/24240970/t/ff/v4/w960/r1/-/catherine-wales.jpg,0.01
"Catherine, Princess of Wales",https://e3.365dm.com/24/01/2048x1152/skynews-kate-william-princess-of-wales_6424827.jpg?20240117162814,0.01
"Catherine, Princess of Wales",https://assets.vogue.in/photos/63d8aa7f49eee0dfe9f531f2/2:3/w_2560%2Cc_limit/1246676032,0.01
"Catherine, Princess of Wales",https://media-manager.starsinsider.com/gallery/1080/na_646e0cffbe0d6.jpg,0.01
"Catherine, Princess of Wales",https://media-manager.starsinsider.com/gallery/1080/na_646e05e3b0abf.jpg,0.01
"Catherine, Princess of Wales",https://preview.redd.it/catherine-the-princess-of-wales-in-a-bespoke-cape-and-dress-v0-1itphsc8sp1c1.jpg?width=1365&format=pjpg&auto=webp&s=1ff124991dcb25722e771d19950287f2c8b38851,0.01
"Catherine, Princess of Wales",https://image.gala.de/24201250/t/Cl/v4/w960/r1/-/catherine-princess-of-wales-prinz-william.jpg,0.01
"Catherine, Princess of Wales",https://i.pinimg.com/736x/2f/3b/5b/2f3b5b41ca0219a84dcb0fb5cdda64c7.jpg,0.01
"Catherine, Princess of Wales",https://image.gala.de/24005740/t/Ic/v3/w480/r1/-/catherine-princess-of-wales.jpg,0.01
"Catherine, Princess of Wales",https://image.gala.de/24272082/t/cn/v7/w480/r1/-/catherine-princess-of-wales.jpg,0.01
"Catherine, Princess of Wales",https://image.gala.de/22935930/t/S3/v3/w480/r1/-/catherine.jpg,0.01
"Catherine, Princess of Wales",https://image.gala.de/23009678/t/F6/v5/w960/r1/-/catherine-princess-of-wales.jpg,0.01
"Catherine, Princess of Wales","https://media.vanityfair.com/photos/65fdc1cb530602010d83b3f1/16:9/w_1280,c_limit/vf0324-princess-kate-news.jpg",0.01
"Catherine, Princess of Wales",https://image.gala.de/23996980/t/xT/v2/w960/r1/-/catherine--princess-of-wales.jpg,0.01
"Catherine, Princess of Wales",https://toronto.citynews.ca/wp-content/blogs.dir/sites/10/2023/07/20230704070736-64a404f183d2ccd465509defjpeg-e1705507478782.jpg,0.01
"Catherine, Princess of Wales",https://image.gala.de/24287340/t/mj/v3/w480/r1/-/catherine-princess-of-wales-aufmacher.jpg,0.01
"Catherine, Princess of Wales",https://cloudfront-us-east-2.images.arcpublishing.com/reuters/OHFAH6WYUBNSFACITJIJXAG47Y.jpg,0.01
"Catherine, Princess of Wales",https://image.gala.de/24002646/t/4x/v6/w480/r1/-/catherine-princess-of-wales.jpg,0.02
"Catherine, Princess of Wales",https://content.api.news/v3/images/bin/6fde5ca5c42c0ef498efdfdc1d2202cf,0.01
"Catherine, Princess of Wales",https://content.api.news/v3/images/bin/ad5927a806143d01979df852a0646052,0.01
"Catherine, Princess of Wales",https://www.femalefirst.co.uk/image-library/partners/bang/land/1000/c/catherine-princess-of-wales-is-said-to-jokingly-shiver-when-.jpg,0.01
"Catherine, Princess of Wales",https://ichef.bbci.co.uk/news/976/cpsprodpb/C02B/production/_132359194_hi090231252.jpg,0.01
"Catherine, Princess of Wales",https://i.pinimg.com/originals/f7/34/78/f73478bf252737be0b2e083f6f905ffc.jpg,0.01
"Catherine, Princess of Wales",https://media.tatler.com/photos/6390487af90371c979687df6/master/w_1600%2Cc_limit/1245424237,0.01
"Catherine, Princess of Wales",https://image.gala.de/23986748/t/gj/v5/w480/r1/-/catherine-princess-of-wales.jpg,0.01
"Catherine, Princess of Wales",https://image.gala.de/23995444/t/UM/v7/w480/r1/-/catherine-princess-of-wales.jpg,0.01
"Catherine, Princess of Wales",https://image.gala.de/24063388/t/k1/v5/w480/r1/-/catherine-princess-of-wales-neu.jpg,0.01
"Catherine, Princess of Wales",https://image.gala.de/24224860/t/4c/v3/w480/r1/-/catherine-princess-of-wales.jpg,0.01
"Catherine, Princess of Wales",https://images.lifestyleasia.com/wp-content/uploads/sites/2/2024/03/25133012/catherine.jpeg,0.02
"Catherine, Princess of Wales",https://image.gala.de/24186550/t/30/v3/w480/r1/-/catherine-princess-of-wales.jpg,0.01
"Catherine, Princess of Wales",https://www.redcarpet-fashionawards.com/wp-content/uploads/2023/05/Catherine-Princess-of-Wales-Wore-Alexander-McQueen-To-The-Kings-Coronation-.jpg,0.01
"Catherine, Princess of Wales",https://i2-prod.birminghammail.co.uk/incoming/article27735535.ece/ALTERNATES/s1200/0_Catherine-Princess-of-Wales-visits-RNAS-Yeovilton-Somerset-UK-18-Sep-2023.jpg,0.03
"Catherine, Princess of Wales",https://i.dailymail.co.uk/1s/2023/09/09/18/75247345-0-Catherine_Princess_of_Wales_also_seemed_to_se_the_fun_side_as_sh-a-22_1694278943597.jpg,0.01
Tim Walz,https://arc.stimg.co/startribunemedia/EJJCYHLHZZDDPERKDERJ2B6QAE.JPG?&w=712,0.01
Tim Walz,https://image.politicalcartoons.com/287390/600/tim-walz.png,0.01
Tim Walz,https://cdn.prod.dailykos.com/images/1331384/story_image/tim-walz-right-gary-bloomberg-87.jpg?1723052215,0.01
Tim Walz,https://urbanmilwaukee.com/wp-content/uploads/2024/08/Governor_Tim_Walz_at_Bemidji_Steel_cropped2.jpg,0.01
Tim Walz,https://timothycharlesholmseth.com/wp-content/uploads/2024/07/tim-walz-.jpg,0.01
Tim Walz,https://conservativeundergroundnews.com/wp-content/uploads/2024/08/Tim-Waltz.png,0.01
Tim Walz,https://www.albertleatribune.com/wp-content/uploads/sites/14/2022/11/AP22312545650958.jpg?w=1024,0.01
Tim Walz,https://media.breitbart.com/media/2024/08/walz-congressional-challenge-coin-angrycops.jpg,0.01
Tim Walz,https://d.newsweek.com/en/full/2443875/tim-walz.jpg?w=1200&f=bcf26efc0f75f3511fc618f548bb74ad,0.01
Tim Walz,https://images03.military.com/sites/default/files/styles/full/public/2024-08/mil-tim-walz-visits-minnesota-guard-alt-1800.jpg,0.01
Tim Walz,https://img-s-msn-com.akamaized.net/tenant/amp/entityid/AA1okXYe.img?w=768&h=1069&m=6&x=992&y=1329&s=1140&d=1140,0.01
Tim Walz,https://people.com/thmb/-4MlOuf5xh794myTFk1cqpNLELc=/4000x0/filters:no_upscale():max_bytes(150000):strip_icc():focal(761x199:763x201)/govenor-Walz-family-080724-4-d4ff9bcf63854170b94400cde3a52b0e.jpg,0.01
Tim Walz,https://dehayf5mhw1h7.cloudfront.net/wp-content/uploads/sites/2327/2024/07/15155149/walz.png,0.01
Tim Walz,https://a57.foxnews.com/static.foxnews.com/foxnews.com/content/uploads/2024/08/1200/675/Tim-Walz-Kamala-Harris-VP-2024-Election_10.jpg?ve=1&tl=1,0.01
Tim Walz,https://a57.foxnews.com/static.foxnews.com/foxnews.com/content/uploads/2024/08/1200/675/Walz-Vance.jpg?ve=1&tl=1,0.01
Tim Walz,"https://media.cnn.com/api/v1/images/stellar/prod/200529124037-02-tim-walz-presser-0529.jpg?q=w_800,c_fill",0.01
Tim Walz,https://images.hellomagazine.com/horizon/original_aspect_ratio/3ef848b764a2-tim-walz-son-gus.jpg,0.01
Tim Walz,https://minnesotareformer.com/wp-content/uploads/2023/01/P1071652-1024x683.jpg,0.01
Tim Walz,https://images.hellomagazine.com/horizon/original_aspect_ratio/10d79ef6a6ef-tim-walz-wife.jpg?tx=c_limit,0.01
Tim Walz,https://d.newsweek.com/en/full/2445459/tim-walz.png,0.01
Tim Walz,https://img.mmc.com.do/elcaribe-bucket/uploads/2024/08/66b233c19a835_tim-walz-e1667928229578.jpg.webp,0.01
Tim Walz,https://www.albertleatribune.com/wp-content/uploads/sites/14/2023/01/walz.budget.mpr_.jpg?resize=300,0.01
Tim Walz,https://knowinsiders.com/stores/news_dataimages/dunglt/112020/17/01/1256_Tim_Walz.jpg?rt=20201117011302,0.01
Tim Walz,https://images.hellomagazine.com/horizon/original_aspect_ratio/44a279f6f09d-gettyimages-1016866334.jpg,0.01
Tim Walz,https://s.yimg.com/ny/api/res/1.2/ooWN3bx95y7rBqwceSbnmA--/YXBwaWQ9aGlnaGxhbmRlcjt3PTk2MDtoPTY0MA--/https://media.zenfs.com/en/usa_today_news_641/16fa24dc12052af27021e099e4227ae3,0.01
Tim Walz,https://i.dailymail.co.uk/1s/2024/08/14/20/88528573-0-image-m-29_1723662709048.jpg,0.01
Tim Walz,https://d.newsweek.com/en/full/2446201/walz-vance-military-record.jpg,0.01
Tim Walz,https://cdn01.justjared.com/wp-content/uploads/2024/08/walz-kids/meet-tim-walzs-kids-hope-gus-walz-04.jpg,0.01
Tim Walz,https://es.gizmodo.com/app/uploads/2024/08/Tim-Walz-1400x932.jpg,0.01
Tim Walz,https://s.yimg.com/ny/api/res/1.2/tF9XubWgH0YGsVzz4kuCtA--/YXBwaWQ9aGlnaGxhbmRlcjt3PTEyMDA7aD04MDA-/https://media.zenfs.com/en/people_218/b489dbfb7dde97e2a41ba815cbcb6a9e,0.01
Tim Walz,https://www.rawstory.com/media-library/why-vanilla-tim-walz-is-the-ingredient-to-beat-trump-dem-lawmakers.jpg?id=53120536&width=1200&height=894,0.01
Tim Walz,https://www.wdio.com/wp-content/uploads/2023/01/Gov.-Walz-Jan.-2023.jpg,0.01
Tim Walz,https://www.twincities.com/wp-content/uploads/2019/01/jea-Walz-Inaug-uration.jpg?w=1860,0.01
Tim Walz,https://www.rawstory.com/media-library/tim-walz.png?id=53128962&width=1200&height=600&coordinates=0%2C25%2C0%2C25,0.01
Tim Walz,https://kentuckylantern.com/wp-content/uploads/2024/08/P1071064-2048x1365-1.jpeg,0.01
Tim Walz,https://chicksonright.com/wp-content/uploads/2024/08/Tim-Walz.jpg,0.01
Tim Walz,https://de-academic.com/pictures/dewiki/84/Tim_Walz%2C_official_110th_Congress_photo_portrait.jpg,0.01
Tim Walz,https://freetelegraph.s3.amazonaws.com/media/images/walz_1113.2e16d0ba.fill-1200x630-c100.jpg,0.01
Tim Walz,https://i.kym-cdn.com/entries/icons/original/000/050/864/GUKaFzUawAA6e1r.jpg,0.01
Tim Walz,https://mediaproxy.salon.com/width/1200/https://media2.salon.com/2024/08/tim_walz_and_family_2165724398.jpg,
Tim Walz,https://wegotthiscovered.com/wp-content/uploads/2024/08/tim-walz-GettyImages-2150455134.jpg?w=1200,0.02
Tim Walz,https://www.twincities.com/wp-content/uploads/2019/01/jea-Walz-Inauguratfghfghfghion.jpg?w=1538,0.01
Tim Walz,https://lidblog.com/wp-content/uploads/2024/08/tim_walz_02.jpg,0.01
Tim Walz,https://abtc.ng/wp-content/uploads/2024/08/Governor_Tim_Walz_Daily-Koz-768x1084.jpg,0.01
Tim Walz,https://assets.realclear.com/images/64/644095_5_.jpg,0.01
Tim Walz,https://alphanews.org/wp-content/uploads/2022/10/Walz-1-8.jpg,0.01
Tim Walz,https://people.com/thmb/hMdaMhWQeha_ANt0oPFxorBseYw=/4000x0/filters:no_upscale():max_bytes(150000):strip_icc():focal(999x0:1001x2)/tim-walz-gwen-walz-6-79bab427b1a44a1ba994ac227fb77180.jpg,0.01
Tim Walz,https://minnesotareformer.com/wp-content/uploads/2023/05/P1094665-1024x683.jpg,0.01
Tim Walz,https://americanfaith.com/wp-content/uploads/2024/08/Tim-Walz.png,0.01
Tim Walz,https://am13.mediaite.com/med/cnt/uploads/2024/07/walz.jpeg,0.02
Tim Walz,https://static01.nyt.com/images/2024/08/09/multimedia/09nat-walz-coach-02-mpjh/09nat-walz-coach-02-mpjh-videoSixteenByNineJumbo1600.jpg,0.01
Tim Walz,https://pbs.twimg.com/media/FdoXDFRXoA8gSfN?format=jpg&name=large,0.01
Tim Walz,https://media.zenfs.com/en/arkansas_advocate_articles_351/06a4aafff87566de9be7583f77bb3400,0.01
Tim Walz,https://static.independent.co.uk/2024/08/06/23/newFile.jpg?quality=75&width=1200&auto=webp,0.02
Tim Walz,https://media.kare11.com/assets/KARE/images/557f14b1-c815-4ab2-b308-c87f1b22c03b/557f14b1-c815-4ab2-b308-c87f1b22c03b_1920x1080.jpg,0.01
Tim Walz,https://wegotthiscovered.com/wp-content/uploads/2024/10/Tim-Walz-1.jpg?w=1200,0.01
Tim Walz,https://fortune.com/img-assets/wp-content/uploads/2024/10/GettyImages-2175342277-e1729885490311.jpg?w=1440&q=75,0.01
Tim Walz,https://nypost.com/wp-content/uploads/sites/2/2024/08/tim-walz-military-career-comp.jpg?quality=75&strip=all&w=1024,0.01
Tim Walz,https://s.yimg.com/ny/api/res/1.2/Kb7IDrNZ1M9b5Mw1yPsRWA--/YXBwaWQ9aGlnaGxhbmRlcjt3PTk2MDtoPTk1OQ--/https://media.zenfs.com/en/the_telegraph_258/a42869bfc716b5d47d5b2e1c6585dbe6,0.01
Tim Walz,"https://www.usatoday.com/gcdn/authoring/authoring-images/2024/08/14/USAT/74803970007-usatsi-23964112.jpg?crop=5302,2983,x0,y530&width=3200&height=1801&format=pjpg&auto=webp",
Tim Walz,"https://static.tnn.in/thumb/msid-112328689,thumbsize-114446,width-1280,height-720,resizemode-75/112328689.jpg?quality=100",0.01
Tim Walz,https://upolitics.com/wp-content/uploads/2024/08/Democratic-vice-presidential-nominee-Minnesota-Gov.-Tim-Walz-cn.jpg,0.01
Tim Walz,https://media.nbcchicago.com/2024/08/GettyImages-2167854300.jpg?quality=85&strip=all&crop=153px%2C244px%2C4317px%2C2426px&resize=1200%2C675,0.01
Tim Walz,https://media.gettyimages.com/id/1016873210/photo/minnesota-gubernatorial-candidate-rep-tim-walz-holds-primary-night-event-in-st-paul.jpg?s=1024x1024&w=gi&k=20&c=dErPIegCv5T9aUYxL5pf3km2EiA76nWOcci6aVK2E4o=,0.01
Tim Walz,https://static.foxnews.com/foxnews.com/content/uploads/2024/08/Tim-Walz-Kamala-Harris-VP-2024-Election_11.jpg,0.01
Tim Walz,https://www.americaeconomia.com/sites/default/files/styles/1280x720/public/2024-08/reuters_tim_waltz.jpg?itok=p2SC6uSI,0.07
Tim Walz,https://www.rollingstone.com/wp-content/uploads/2024/08/tim-walz-spicy.jpg?crop=0px%2C105px%2C1798px%2C1015px&resize=1600%2C900,0.01
Tim Walz,https://d.newsweek.com/en/full/1846283/tim-walz.jpg,0.01
Tim Walz,https://www.twincities.com/wp-content/uploads/2017/10/timwalz.jpg,0.01
Tim Walz,https://people.com/thmb/9UCUmX_5g0C46A_boc7sPIPr5LI=/4000x0/filters:no_upscale():max_bytes(150000):strip_icc():focal(556x584:558x586)/govenor-Walz-family-080724-6-2fe5078be40940ae8c62bc4040e951f9.jpg,0.01
Tim Walz,"https://media-cldnry.s-nbcnews.com/image/upload/t_fit-760w,f_auto,q_auto:best/rockcms/2024-08/240815-tim-walz-gus-vl-446p-3a05fd.jpg",0.01
Tim Walz,https://www.wpr.org/wp-content/uploads/2024/09/coach-sign-walz.jpg,0.01
Tim Walz,https://i.kym-cdn.com/entries/icons/original/000/051/545/tim_walz_worried_face.jpg,0.01
Tim Walz,https://thefederalist.com/wp-content/uploads/2024/08/Tim-Walz-1-1200x675.png,0.01
Tim Walz,https://ca-times.brightspotcdn.com/dims4/default/ec9fb05/2147483647/strip/true/crop/1984x1527+0+0/resize/1200x924!/quality/75/?url=https%3A%2F%2Fcalifornia-times-brightspot.s3.amazonaws.com%2Fb1%2F46%2F840ff27441e986f44747fd7bdcc1%2F1471560-me-waltz-car-guy-scout15a.jpg,0.01
Tim Walz,https://www.thelist.com/img/gallery/tim-walz-blows-up-donald-trumps-entire-identity-in-brutal-takedown/intro-1741895239.jpg,0.01
Tim Walz,https://content.api.news/v3/images/bin/eff0a443ad3428bada275bad8e19c42d,0.01
Tim Walz,https://ik.imagekit.io/invezz/uploads/2024/08/Tim-Walz.jpg,0.01
Tim Walz,https://s.yimg.com/ny/api/res/1.2/qu1FIOgYGkjgWMWZmu3htg--/YXBwaWQ9aGlnaGxhbmRlcjt3PTk2MDtoPTY0MA--/https://media.zenfs.com/en/people_218/3fd2343c55c24ede463e0eaa0b236928,0.01
Tim Walz,https://i.imgflip.com/6rldib.png,0.01
Tim Walz,https://media.licdn.com/dms/image/C4E03AQHghba4GuNzug/profile-displayphoto-shrink_800_800/0/1541426427625?e=2147483647&v=beta&t=sWd1i3q5M9UGUh32yekadbHZvxu_RAKk_wXOFiPCT7c,0.01
Tim Walz,https://e3.365dm.com/24/08/1600x900/skynews-tim-walz-gwen-walz_6662326.jpg?20240821125223,0.01
Tim Walz,https://i.dailymail.co.uk/1s/2024/08/22/08/88796759-0-image-a-51_1724311519298.jpg,0.01
Tim Walz,https://d2u3dcdbebyaiu.cloudfront.net/uploads/atch_img/87/d982ffcc6367256f12a3881be9629af7_res.jpeg,0.01
Tim Walz,https://d.newsweek.com/en/full/2485216/tim-walz-jd-vance.jpg,0.01
Tim Walz,https://media.nbcwashington.com/2024/08/TIM-GUS-WALZ.jpg?quality=85&strip=all&resize=1200%2C675,0.01
Tim Walz,https://i.ytimg.com/vi/pSR_ofYbgu0/maxresdefault.jpg,0.01
Tim Walz,https://static.foxnews.com/foxnews.com/content/uploads/2024/08/Tim-Walz-Kamala-Harris-VP-2024-Election_13.jpg,0.01
Tim Walz,"https://www.usatoday.com/gcdn/authoring/authoring-images/2024/08/06/USAT/74687498007-afp-2165044765.jpg?crop=6999,3937,x0,y281&width=3200&height=1801&format=pjpg&auto=webp",
Tim Walz,https://cdn.abcotvs.com/dip/images/15209392_082024-wpvi-ap-tim-walz-wife-img.jpg?w=1600,0.01
Tim Walz,https://fakty.tvn24.pl/najnowsze/cdn-zdjecie-692070-walz-ph8033440/alternates/LANDSCAPE_1280,0.01
Tim Walz,https://www.sentidog.com/wp-content/uploads/2024/08/Tim-Walz-es-un-aliado-de-los-derechos-LGBTQ-que-1024x538.jpg,0.01
Tim Walz,https://static.outkick.com/www.outkick.com/content/uploads/2024/10/tim-walz-13.jpg,0.01
Tim Walz,https://www.lawyersgunsmoneyblog.com/wp-content/uploads/2024/09/Tim_Walz_by_Gage_Skidmore.jpg,0.01
Tim Walz,"https://www.usatoday.com/gcdn/authoring/authoring-images/2024/08/30/USAT/75006554007-tim-and-gus-walz.png?crop=1998,1125,x0,y99&width=1998&height=1125&format=pjpg&auto=webp",
Tim Walz,https://joemiller.us/wp-content/uploads/harris-walz-1.jpeg,0.26
Tim Walz,https://www.judicialwatch.org/wp-content/uploads/2025/03/Governor-Walz-2024-Bio_tcm1055-418597.jpg,0.01
Tim Walz,https://media.townhall.com/cdn/hodl/2024/227/5983d283-2277-4a89-905a-36fac98f40b8.jpg,0.01
Tim Walz,"https://www.usatoday.com/gcdn/authoring/authoring-images/2024/08/13/USAT/74781032007-afp-2165777352.jpg?crop=3999,2251,x0,y207&width=3200&height=1802&format=pjpg&auto=webp",
Tim Walz,https://d.newsweek.com/en/full/2445693/brad-pitt-tim-walz.jpg?w=1200&f=89714346361890f612967783349a2a26,0.01
Mike Tyson,https://i.ytimg.com/vi/yFcCmu-oi24/maxresdefault.jpg?sqp=-oaymwEmCIAKENAF8quKqQMa8AEB-AG2CIACgA-KAgwIABABGGIgYihiMA8=&rs=AOn4CLBmRvDdpMFq2DbVXjDfAO8G1ECWRw,
Mike Tyson,https://i.ytimg.com/vi/IqLo3Bglpuw/maxresdefault.jpg?sqp=-oaymwEoCIAKENAF8quKqQMcGADwAQH4AbYIgAKAD4oCDAgAEAEYciBGKFswDw==&rs=AOn4CLCPHa7WZIfKo0awVtkzJfzSENsXqA,0.01
Mike Tyson,https://i.ytimg.com/vi/rbKKX15AzYE/maxres2.jpg?sqp=-oaymwEoCIAKENAF8quKqQMcGADwAQH4Ac4FgAKACooCDAgAEAEYWyBXKGUwDw==&rs=AOn4CLC9x6vK6dvR9MD2OkIsjWr_sQNzHw,0.01
Mike Tyson,https://i.ytimg.com/vi/vJuNsv94Y5A/maxresdefault.jpg?sqp=-oaymwEoCIAKENAF8quKqQMcGADwAQH4Ac4FgAKACooCDAgAEAEYViBCKHIwDw==&rs=AOn4CLCLh4b_5iB_WKSHjJK4Sb9yEa3gPg,0.01
Mike Tyson,https://i.ytimg.com/vi/4a7fQJLDGNQ/maxres2.jpg?sqp=-oaymwEoCIAKENAF8quKqQMcGADwAQH4Ac4FgAKACooCDAgAEAEYZSBlKGUwDw==&rs=AOn4CLDgP598Fc2PtsKTUnv4gfInQD3TIw,
Mike Tyson,https://i.ytimg.com/vi/lm0uiSz_wQc/maxresdefault.jpg?sqp=-oaymwEmCIAKENAF8quKqQMa8AEB-AHeA4AC1gaKAgwIABABGH8gKygeMA8=&rs=AOn4CLCuO_pDpw4JRQ5m5-v2zYnzdPl0Vg,0.01
Mike Tyson,https://i.ytimg.com/vi/8_F265z0v14/maxresdefault.jpg?sqp=-oaymwEoCIAKENAF8quKqQMcGADwAQH4AbYIgAKAD4oCDAgAEAEYfyBMKB0wDw==&rs=AOn4CLA1WgEGJpfZuafEipIXjv290CvmQg,0.01
Mike Tyson,https://i.ytimg.com/vi/3LYF61dF55A/maxresdefault.jpg,0.01
Mike Tyson,https://i.ytimg.com/vi/I-bWEctfcvg/maxres2.jpg?sqp=-oaymwEoCIAKENAF8quKqQMcGADwAQH4AbYIgAKAD4oCDAgAEAEYciBCKDcwDw==&rs=AOn4CLD1s1RnlRnlc_V-fP_d0Gjt64VTqg,0.01
Mike Tyson,https://i.ytimg.com/vi/uzAcvOAV07Y/maxres2.jpg?sqp=-oaymwEoCIAKENAF8quKqQMcGADwAQH4Ad4DgALWBooCDAgAEAEYUCBNKGUwDw==&rs=AOn4CLCARxze2kx0AAOnU6Ahbjugsf_aCg,0.01
Mike Tyson,https://i.ytimg.com/vi/699zKT8jRok/maxres2.jpg?sqp=-oaymwEoCIAKENAF8quKqQMcGADwAQH4Ac4FgALQBYoCDAgAEAEYZSBdKEswDw==&rs=AOn4CLCBALviwinlwRPEvMPVC-Zkj6slsg,0.99
Mike Tyson,https://i.ytimg.com/vi/ikDGnT8lz6Y/maxresdefault.jpg?sqp=-oaymwEoCIAKENAF8quKqQMcGADwAQH4Ac4FgAKACooCDAgAEAEYfyArKGAwDw==&rs=AOn4CLD5bDaJGcMUWC_cWajLmQkwvfUuYg,0.01
Mike Tyson,https://i.ytimg.com/vi/vvYD1ilotH0/maxres2.jpg?sqp=-oaymwEoCIAKENAF8quKqQMcGADwAQH4AbYIgAKgC4oCDAgAEAEYZCBKKGUwDw==&rs=AOn4CLCQ5PqoTsORvNHgdmZ21J3VIL3gVw,0.01
Mike Tyson,https://i.ytimg.com/vi/FsnOIO9SP9o/maxres2.jpg?sqp=-oaymwEoCIAKENAF8quKqQMcGADwAQH4AbYIgAKAD4oCDAgAEAEYZSBZKE0wDw==&rs=AOn4CLC-37u_FgyJ1K69H2dmXK6FPYHsVg,0.01
Mike Tyson,https://i.ytimg.com/vi/VOxX_5siDqA/maxres2.jpg?sqp=-oaymwEoCIAKENAF8quKqQMcGADwAQH4AbYIgAKAD4oCDAgAEAEYTyBEKH8wDw==&rs=AOn4CLDLfuAdxZGpYXlNeokJ0Jupgq1vUg,0.01
Mike Tyson,https://i.ytimg.com/vi/rx5NPJgvbD8/maxres2.jpg?sqp=-oaymwEoCIAKENAF8quKqQMcGADwAQH4AbYIgALiDooCDAgAEAEYNSBfKGUwDw==&rs=AOn4CLBDC0FYMASpt2Z05U1HeGVePul99A,0.99
Mike Tyson,https://i.ytimg.com/vi/-T4I92EOHog/maxres2.jpg?sqp=-oaymwEoCIAKENAF8quKqQMcGADwAQH4Ac4FgAKACooCDAgAEAEYfyBDKBMwDw==&rs=AOn4CLCnhecb91e0K-r9X8B3WlhyTgsGpQ,
Mike Tyson,https://i.ytimg.com/vi/E6fpRdIC7ws/maxres2.jpg?sqp=-oaymwEoCIAKENAF8quKqQMcGADwAQH4AbYIgAKAD4oCDAgAEAEYWCBOKGUwDw==&rs=AOn4CLAXs_rx8IJFAcCwrEKaqFHCPH6VyQ,
Mike Tyson,https://i.ytimg.com/vi/F9XbvKI8bLI/maxres2.jpg?sqp=-oaymwEoCIAKENAF8quKqQMcGADwAQH4AbYIgAK4CIoCDAgAEAEYTiBOKGUwDw==&rs=AOn4CLCIK_tdPp9Fb5Z027mfpV6QFklfNg,0.62
Mike Tyson,https://i.ytimg.com/vi/gByQXiOk3RI/maxresdefault.jpg,0.03
Mike Tyson,https://i.ytimg.com/vi/rF9C2v50HgA/maxres2.jpg?sqp=-oaymwEoCIAKENAF8quKqQMcGADwAQH4Aa4IgAKAD4oCDAgAEAEYQSBWKGUwDw==&rs=AOn4CLCop3X8tT3wqHlGOU-nX7y6GMWqWg,0.99
Mike Tyson,https://i.ytimg.com/vi/80fHxo1KjeU/maxresdefault.jpg?sqp=-oaymwEmCIAKENAF8quKqQMa8AEB-AG2CIACgA-KAgwIABABGHIgTyg6MA8=&rs=AOn4CLAoMMkdLjedrMfMZ4HB51v37fh5NQ,0.02
Mike Tyson,https://i.ytimg.com/vi/aqj_rrm88Ak/maxres2.jpg?sqp=-oaymwEoCIAKENAF8quKqQMcGADwAQH4AbYIgAKAD4oCDAgAEAEYZSBlKGUwDw==&rs=AOn4CLA5V2zMoq_e7amzziynacXaf7fMsw,0.53
Mike Tyson,https://i.ytimg.com/vi/lq9MV4g4Moo/maxresdefault.jpg?sqp=-oaymwEoCIAKENAF8quKqQMcGADwAQH4AbYIgAKAD4oCDAgAEAEYNCAxKH8wDw==&rs=AOn4CLBnFQwOPXkkjSpgfjOVFFgF8hAHbw,0.01
Mike Tyson,https://i.ytimg.com/vi/wpWEhKTfDZ8/maxres2.jpg?sqp=-oaymwEoCIAKENAF8quKqQMcGADwAQH4AbYIgAKAD4oCDAgAEAEYDyBlKE4wDw==&rs=AOn4CLBJAvJzhKGENZEXJhIPjFpPHPp8tw,0.01
Mike Tyson,https://i.ytimg.com/vi/PwobWFhplhA/maxresdefault.jpg?sqp=-oaymwEoCIAKENAF8quKqQMcGADwAQH4Ac4FgAKACooCDAgAEAEYciA_KDowDw==&rs=AOn4CLCmAEdACAIlazVJc6NiKpsJziyVgA,0.99
Mike Tyson,https://i.ytimg.com/vi/dvjvST6K200/maxresdefault.jpg?sqp=-oaymwEoCIAKENAF8quKqQMcGADwAQH4Ac4FgAKACooCDAgAEAEYSSBYKGUwDw==&rs=AOn4CLBq-ZiGQGyhRzJtwr_bp9zM5HDCZA,0.01
Mike Tyson,https://i.ytimg.com/vi/QdUpi7EhEH4/maxres2.jpg?sqp=-oaymwEoCIAKENAF8quKqQMcGADwAQH4AbYIgAKAD4oCDAgAEAEYbCBsKGwwDw==&rs=AOn4CLB-Cr-eAc0ONH1bG3cmFmV5oWc9Og,
Mike Tyson,https://i.ytimg.com/vi/8MF32NOhacQ/maxres2.jpg?sqp=-oaymwEoCIAKENAF8quKqQMcGADwAQH4AbYIgAKAD4oCDAgAEAEYZSBlKGUwDw==&rs=AOn4CLA6iM8-LHJnZWFGTXQeAKtP4TviMQ,
Mike Tyson,https://i.ytimg.com/vi/Xzwm42gHpJ0/maxres2.jpg?sqp=-oaymwEoCIAKENAF8quKqQMcGADwAQH4Ac4FgAKACooCDAgAEAEYZSBiKE4wDw==&rs=AOn4CLBAxPvK1uNf4ZbX35ARSV9P8TCoJA,0.01
Mike Tyson,https://i.ytimg.com/vi/1ZWIwGdr0K8/maxres2.jpg?sqp=-oaymwEoCIAKENAF8quKqQMcGADwAQH4Ac4FgAKACooCDAgAEAEYUyBcKGUwDw==&rs=AOn4CLCuSHXWx2yA9_Kq893thYRMmVho8w,0.01
Mike Tyson,https://i.ytimg.com/vi/6BJhKbCWYR8/maxresdefault.jpg?sqp=-oaymwEoCIAKENAF8quKqQMcGADwAQH4AbYIgAKAD4oCDAgAEAEYPyBlKF8wDw==&rs=AOn4CLBmIvJFvWOUmhDmxA5erJTRp3XxZA,0.01
Mike Tyson,https://i.ytimg.com/vi/NZ1P2pI6cok/maxres2.jpg?sqp=-oaymwEoCIAKENAF8quKqQMcGADwAQH4AbYIgAKAD4oCDAgAEAEYciBCKD8wDw==&rs=AOn4CLAPtD1r1TrTMoE8TYTtigaOHsgDXA,0.01
Mike Tyson,https://i.ytimg.com/vi/NWoaSevD59k/maxresdefault.jpg?sqp=-oaymwEmCIAKENAF8quKqQMa8AEB-AG-B4AC0AWKAgwIABABGH8gOihIMA8=&rs=AOn4CLDOTrO_OOYXxo3Ra94mKCwLkXuhcA,
Mike Tyson,https://i.ytimg.com/vi/pmKOFlWqRzA/maxresdefault.jpg?sqp=-oaymwEoCIAKENAF8quKqQMcGADwAQH4Ad4DgALWBooCDAgAEAEYZSBBKE0wDw==&rs=AOn4CLCHTvw0YRdBoHR71Rx0fAV-ArCtGw,0.01
Mike Tyson,https://i.ytimg.com/vi/xh58fi7r2jI/maxres2.jpg?sqp=-oaymwEoCIAKENAF8quKqQMcGADwAQH4AbYIgAKAD4oCDAgAEAEYZSBQKD0wDw==&rs=AOn4CLCQFQTRlxvYlZtwl4B9BMxQhsDMeA,0.01
Mike Tyson,https://i.ytimg.com/vi/VcTFnx8UjbI/maxresdefault.jpg?sqp=-oaymwEoCIAKENAF8quKqQMcGADwAQH4AbYIgAKAD4oCDAgAEAEYZSBZKFcwDw==&rs=AOn4CLDq-H15UgzGgU15XUQZHiUYkn3D3g,
Jill Stein,https://lookaside.fbsbx.com/lookaside/crawler/media/?media_id=1745172859541510,
Jill Stein,"https://media-cldnry.s-nbcnews.com/image/upload/t_nbcnews-fp-1200-630,f_auto,q_auto:best/newscms/2016_12/1473336/160325-jill-stein-jhc-1328.jpg",0.01
Jill Stein,https://baltimorepostexaminer.com/wp-content/uploads/2023/11/Jill-Stein-YouTube-thumbnail-800x445.jpg,0.01
Jill Stein,https://img1-azrcdn.newser.com/image/1085636-12-20190416132527.jpeg,0.01
Jill Stein,"https://img.thedailybeast.com/image/upload/c_crop,d_placeholder_euli9k,h_1440,w_2560,x_0,y_0/dpr_2.0/c_limit,w_740/fl_lossy,q_auto/v1528215492/180605-davis-jill-stein-hero_i8zprc",
Jill Stein,https://static.xx.fbcdn.net/rsrc.php/v4/yC/r/0xLtjdGkFVK.png,0.01
Jill Stein,https://jillstein2024.ruclips.net/img/ico/17.jpg,0.01
Jill Stein,https://dm1igrl0afsra.cloudfront.net/AcuCustom/Sitename/DAM/119/Jill-Ed-Jack-Charlie-Stein-2023---Credit-Sam-Harris1_Main.jpg,0.01
Jill Stein,https://img-s-msn-com.akamaized.net/tenant/amp/entityid/AA1H7haf.img?w=768&h=512&m=6&x=400&y=196&s=99&d=99,0.01
Jill Stein,https://static.xx.fbcdn.net/rsrc.php/v4/ye/r/783kGoL0utL.png,0.02
Jill Stein,https://dm1igrl0afsra.cloudfront.net/AcuCustom/Sitename/DAM/119/The-Seafood-Restaurant-Conservatory-Credit-James-Ram1_Main.jpg,0.01
Jill Stein,https://bloximages.newyork1.vip.townnews.com/dnronline.com/content/tncms/assets/v3/editorial/f/21/f21fb8ca-03d4-5fcc-a72e-2e5c4dd4eced/6855b4f8c039b.image.jpg?resize=1333%2C888,0.01
Jill Stein,https://ichef.bbci.co.uk/news/480/cpsprodpb/14CFF/production/_131674258_gettyimages-1771553597.jpg.webp,0.01
Jill Stein,https://s.yimg.com/ny/api/res/1.2/etI4x27BX25CN2UnHdtHfA--/YXBwaWQ9aGlnaGxhbmRlcjt3PTEyNDI7aD04Mjg-/https://media.zenfs.com/en/ap.org/532cc34de3e242e966f48396a2d13c3d,0.01
Jill Stein,https://bloximages.chicago2.vip.townnews.com/goshennews.com/content/tncms/assets/v3/editorial/c/d4/cd4d78bb-9e4a-571e-a6ac-b1f58540783d/6855ae7b1b15c.image.jpg,0.01
Jill Stein,https://bloximages.chicago2.vip.townnews.com/goshennews.com/content/tncms/assets/v3/editorial/c/d4/cd4d78bb-9e4a-571e-a6ac-b1f58540783d/6855ae7b1b15c.image.jpg?resize=1035%2C690,0.01
Jill Stein,https://dm1igrl0afsra.cloudfront.net/AcuCustom/Sitename/DAM/119/Sandbank-interior-Credit-James-Ram1_Main.jpg,0.01
Jill Stein,https://infotel.ca/images/news/cp/photos/f3a9bd76d3731303dcd31b7c35a3f8e68f51e1f78ab39469ed2df438d1d1c83e.jpg?q=90,0.01
Jill Stein,https://bloximages.newyork1.vip.townnews.com/nvdaily.com/content/tncms/assets/v3/editorial/2/15/2159acd6-3c47-5eb5-8792-23c97b44e0c3/6855b13e526db.image.jpg?resize=1200%2C800,0.01
Jill Stein,https://ichef.bbci.co.uk/news/480/cpsprodpb/182B2/production/_133349989_gettyimages-1243943615.jpg.webp,0.02
Jill Stein,https://static.xx.fbcdn.net/rsrc.php/v4/yx/r/I9NhQB3XNsM.png,0.01
Jill Stein,https://bloximages.newyork1.vip.townnews.com/dnronline.com/content/tncms/assets/v3/editorial/f/21/f21fb8ca-03d4-5fcc-a72e-2e5c4dd4eced/6855b4f8c039b.image.jpg?resize=400%2C267,0.01
Jill Stein,https://bloximages.newyork1.vip.townnews.com/chronicleonline.com/content/tncms/assets/v3/editorial/2/04/20491245-25d8-5881-9163-4cbe5d2e4352/6855adf8379d6.image.jpg?resize=1476%2C984,0.01
Jill Stein,https://img-s-msn-com.akamaized.net/tenant/amp/entityid/AA1Hgdyr.img?w=768&h=539&m=6&x=672&y=322&s=333&d=333,0.001
Jill Stein,https://s.yimg.com/ny/api/res/1.2/O_YEhgGoonX15Vfh1DmeIQ--/YXBwaWQ9aGlnaGxhbmRlcjt3PTEyMDA7aD04MDA-/https://media.zenfs.com/en/ap.org/532cc34de3e242e966f48396a2d13c3d,0.01
Jill Stein,"https://media.cnn.com/api/v1/images/stellar/prod/161128211330-jill-stein-new.jpg?q=x_1154,y_520,h_937,w_1666,c_crop/w_250",0.01
Jill Stein,https://miro.medium.com/v2/resize:fit:1358/1*yod8rs8mEuAPs6zMMrM-Kw.jpeg,0.02
Jill Stein,https://i.abcnewsfe.com/a/e0b76fe3-8f7e-4fb8-9144-a2ea3788d95d/wirestory_a613d6898a4df5460a3b35ea481a03e7_16x9.jpg?w=992,0.01
Jill Stein,https://miro.medium.com/v2/resize:fit:1358/1*FGTJ0IIhfLux__VazksrxQ.png,0.01
Jill Stein,https://miro.medium.com/v2/resize:fit:1358/1*cRXgp5LATx4s6sEExwI9og.jpeg,0.01
Jill Stein,https://miro.medium.com/v2/resize:fit:1358/0*XYW8B1O-wXGvjmY9,0.37
Jill Stein,https://cdn.foodism.co.uk/gallery_portrait_widescreen_2x/685a6e4e5305c.jpg,0.01
Jill Stein,https://miro.medium.com/v2/resize:fit:1358/0*DcLSI2PYfRe9Y2UN,0.96
Jill Stein,https://yt3.googleusercontent.com/ytc/AIdro_mzbX2XGFJY7Cy4VkFeLrPbM_Cld7gMdsZ06qhMyX0W_g=s72-c-k-c0x00ffffff-no-rj,0.02
Jill Stein,https://miro.medium.com/v2/resize:fit:1358/1*ZkeGGo0gnAiD39Rs3nD2mg.jpeg,0.01
Jill Stein,https://ncnewsline.com/wp-content/uploads/2025/05/P5071581-1536x1152.jpg,0.01
Jill Stein,https://cdn.foodism.co.uk/gallery_portrait_widescreen_2x/685a6e6f8f077.jpg,0.01
Jill Stein,https://miro.medium.com/v2/resize:fit:1358/1*b4p8ejV7NPX-MGah7YeTEw.jpeg,0.01
Jill Stein,https://upload.wikimedia.org/wikipedia/commons/thumb/9/9b/2024_US_presidential_election_in_North_Carolina_opinion_polling.svg/960px-2024_US_presidential_election_in_North_Carolina_opinion_polling.svg.png,0.01
Jill Stein,https://miro.medium.com/v2/resize:fit:1358/1*VsUewGiMyMsEnh2TDpzq0Q.jpeg,0.58
Jill Stein,https://lookaside.fbsbx.com/lookaside/crawler/media/?media_id=1268382357978734,
Jill Stein,https://miro.medium.com/v2/resize:fit:1358/1*5IZiXdUBjH5C7H26KBJV8g.jpeg,0.001
Jill Stein,https://miro.medium.com/v2/resize:fit:1358/1*qLt6Gdd5qPb1zbbFr9JJfA.jpeg,0.01
Jill Stein,https://lookaside.fbsbx.com/lookaside/crawler/media/?media_id=282839766539146,
Jill Stein,https://lookaside.fbsbx.com/lookaside/crawler/media/?media_id=1319098906891029,
Jill Stein,https://dm1igrl0afsra.cloudfront.net/AcuCustom/Sitename/DAM/112/Heartwood-Collection-Coat--Bear-Rooms1_Thumb.jpg,0.01
Jill Stein,https://rickstein.com/wp-content/uploads/2025/05/Indonesian-Seafood-Curry-1002x535.jpg,0.01
Jill Stein,https://rickstein.com/wp-content/uploads/2025/06/Charile-Stein-Purple-Tiger-Beer-1536x591.jpg,0.01
Jill Stein,https://i.abcnewsfe.com/a/ba18ce22-e97c-43f7-be8f-272b2eefc3f0/gaza-hospital-main_1739282853344_hpMain_2.jpg,0.01
Jill Stein,"https://media.cnn.com/api/v1/images/stellar/prod/160704185738-donald-trump-statement-on-six-pointed-star.jpg?q=x_89,y_7,h_757,w_1346,c_crop/w_1280",0.02
Jill Stein,https://lookaside.fbsbx.com/lookaside/crawler/media/?media_id=290130922473805,
Jill Stein,"https://media.cnn.com/api/v1/images/stellar/prod/161125171933-trump-in-mideast-1.jpg?q=x_136,y_50,h_986,w_1753,c_crop/w_250",0.01
Jill Stein,https://lookaside.fbsbx.com/lookaside/crawler/media/?media_id=1273163558156325,
Jill Stein,https://img-s-msn-com.akamaized.net/tenant/amp/entityid/BB1oJDBK.img?w=768&h=512&m=6&x=515&y=225&s=86&d=86,0.01
Jill Stein,https://lookaside.fbsbx.com/lookaside/crawler/media/?media_id=290130925807138,
Jill Stein,https://img-s-msn-com.akamaized.net/tenant/amp/entityid/AA1HfZvU.img?w=2560&h=1669&m=4&q=81,0.01
Jill Stein,https://www.theblaze.com/media-library/image.jpg?id=60513698&width=1200&height=600&coordinates=0%2C0%2C0%2C120,0.01
Jill Stein,https://lookaside.fbsbx.com/lookaside/crawler/media/?media_id=804480238505681,
Jill Stein,https://img-s-msn-com.akamaized.net/tenant/amp/entityid/AA1HcGY7.img?w=768&h=432&m=6&x=546&y=130&s=130&d=130,0.01
Jill Stein,https://lookaside.fbsbx.com/lookaside/crawler/media/?media_id=1251234963038248,
Jill Stein,https://rickstein.com/wp-content/themes/rickstein/images/menu.png,0.06
Jill Stein,https://static.xx.fbcdn.net/rsrc.php/v4/yw/r/wEhKeCX_wOb.png,0.001
Jill Stein,https://rickstein.com/wp-content/uploads/2025/05/Emails-Square-5.png,0.14
Jill Stein,https://dm1igrl0afsra.cloudfront.net/AcuCustom/Sitename/DAM/119/Goodman-interior1_Thumb.jpg,0.01
Jill Stein,https://p16-common-sign-va.tiktokcdn-us.com/tos-maliva-p-0068/oAEmRQYIoC834gjfxiIABLICa5GzxoBBGee7JS~tplv-tiktokx-origin.image?dr=9636&x-expires=1750730400&x-signature=u4mXLDc5SC4oDx0X4VYV24e9ThE%3D&t=4d5b0474&ps=13740610&shp=81f88b70&shcp=43f4a2f9&idc=useast5,
Jill Stein,https://img-s-msn-com.akamaized.net/tenant/amp/entityid/AA1HfZx4.img?w=768&h=501&m=6&x=1680&y=808&s=245&d=245,0.01
Jill Stein,https://lookaside.fbsbx.com/lookaside/crawler/media/?media_id=100089182991640,
Jill Stein,https://img-s-msn-com.akamaized.net/tenant/amp/entityid/BB1oG6Jf.img?w=2000&h=1333&m=4&q=79,
Jill Stein,https://dm1igrl0afsra.cloudfront.net/AcuCustom/Sitename/DAM/119/Beer_pub_shutterstock_DavideAngelini1_Thumb.jpg,0.01
Jill Stein,https://img-s-msn-com.akamaized.net/tenant/amp/entityid/AA1Hg8JP.img?w=768&h=496&m=6&x=445&y=824&s=1157&d=317,0.01
Jill Stein,https://lookaside.fbsbx.com/lookaside/crawler/media/?media_id=381065944025003,
Jill Stein,https://img-s-msn-com.akamaized.net/tenant/amp/entityid/AA1HfZvU.img?w=768&h=501&m=6&x=2082&y=309&s=184&d=184,0.01
Jill Stein,https://lookaside.fbsbx.com/lookaside/crawler/media/?media_id=1241707530,
Jill Stein,https://www.theblaze.com/media-library/image.jpg?id=60513680&width=1245&height=700&quality=85&coordinates=0%2C0%2C0%2C0,0.01
Jill Stein,https://upload.wikimedia.org/wikipedia/commons/thumb/f/f7/ElectoralCollege2024.svg/960px-ElectoralCollege2024.svg.png,0.01
Jill Stein,https://img.particlenews.com/image.php?type=thumbnail_580x000&url=3UzwlK_1235jYw200,0.01
Jill Stein,https://i.pinimg.com/originals/e4/3a/54/e43a54d77f45526259522d14ea49288d.jpg,0.01
Jill Stein,https://lookaside.fbsbx.com/lookaside/crawler/media/?media_id=1367406102060691,
Jill Stein,https://p16-common-sign-sg.tiktokcdn-us.com/tos-alisg-p-0037/owYBedVfxFjoFBA7QxNORjMDgELEU0FC4dRFQ1~tplv-tiktokx-origin.image?dr=9636&x-expires=1750910400&x-signature=yP3%2F7JqWiQt2Bi30LQhsEDJ4JCk%3D&t=4d5b0474&ps=13740610&shp=81f88b70&shcp=43f4a2f9&idc=useast5,
Jill Stein,https://lookaside.fbsbx.com/lookaside/crawler/media/?media_id=1143571751132072,
Jill Stein,https://lookaside.fbsbx.com/lookaside/crawler/media/?media_id=1295455162586286,
Jill Stein,https://dm1igrl0afsra.cloudfront.net/AcuCustom/Sitename/DAM/119/shutterstock_21870077411_Thumb.jpg,0.01
Jill Stein,https://offers.thephuketnews.com/allimage/mimg/csus/merimg/s_162633010414.png?v=2025031958,0.02
Jill Stein,https://skibidimaster25.ruclips.net/img/default-banner.jpg,0.02
Jill Stein,https://lookaside.fbsbx.com/lookaside/crawler/media/?media_id=2211330365640350,
Jill Stein,https://blogger.googleusercontent.com/img/b/R29vZ2xl/AVvXsEiiRcyzgmzWOL6uHXiXdDHEviBcIPEyI7al0Lhs3H6SWvO7D_Yi4QlxqQuErHyU0I9zERx-gE_HFflc9QIWNJKdi37_DdZaewNIePtLrhiXtYnhyphenhyphenBu7VcROTz39OsocwkXq4Lwk5K1wjX8/w100/BRUJA+CON+CALDERO.png,0.01
Jill Stein,https://dartmouthv2.blob.core.windows.net/dartmouth19940301thumbnails/Spreads/0x600/26.jpg,0.01
Jill Stein,https://static.simonwillison.net/static/2025/election-results.jpg,0.02
Jill Stein,https://dm1igrl0afsra.cloudfront.net/AcuCustom/Sitename/DAM/119/Alex_Ricketts_Eurest.sm1_Thumb.jpg,0.01
Jill Stein,https://p16-common-sign-sg.tiktokcdn-us.com/tos-alisg-p-0037/osAEEAQXiiAK3GAgIRBBUeqEiwLA48oaLBJfCj~tplv-tiktokx-origin.image?dr=9636&x-expires=1750762800&x-signature=Tlye8vbSnVB3ugGcuN7ibx9ypj8%3D&t=4d5b0474&ps=13740610&shp=81f88b70&shcp=43f4a2f9&idc=useast8,
Jill Stein,https://miro.medium.com/v2/da:true/resize:fit:1200/0*MsxZWZ6_7YePqKWh,0.01
Jill Stein,https://p16-common-sign-sg.tiktokcdn-us.com/tos-alisg-p-0037/oomFq8YiDBIOAI4IwAi0AjFBwHql4A5NfsICu9~tplv-tiktokx-origin.image?dr=9636&x-expires=1750910400&x-signature=1SX5SYw3KrrB8MIYZVxuHf44mT4%3D&t=4d5b0474&ps=13740610&shp=81f88b70&shcp=43f4a2f9&idc=useast5,
Jill Stein,https://lookaside.fbsbx.com/lookaside/crawler/media/?media_id=100063458892955,
Jill Stein,https://lookaside.fbsbx.com/lookaside/crawler/media/?media_id=10163696329229314,
Usher,https://150893825.v2.pressablecdn.com/wp-content/uploads/2025/06/janet-jackson-2025-thatgrapejuice-mary-blige-billboard-best-rB-all-time-diana-ross-usher-luther.jpg,0.01
Usher,https://c.saavncdn.com/271/Usher-Friends-Vol-1-English-2012-500x500.jpg,0.02
Usher,https://i.ytimg.com/vi/iPrw7fa6QxA/maxresdefault.jpg,0.01
Usher,https://img-s-msn-com.akamaized.net/tenant/amp/entityid/AA1HoLyf.img?w=768&h=512&m=6,0.01
Usher,https://horrornews.net/wp-content/uploads/2013/08/Fall-Of-The-House-Of-Usher-photos-2.jpg,0.08
Usher,https://img-s-msn-com.akamaized.net/tenant/amp/entityid/AA1HiX96.img?w=800&h=522&m=4&q=90,0.01
Usher,https://www.vanndigital.com/wp-content/uploads/usher-my-way-the-las-vegas-residency-new-2023-dates-official-event-artwork.jpg,0.8
Usher,https://img-s-msn-com.akamaized.net/tenant/amp/entityid/AA1HqyiG.img?w=1920&h=1080&m=4&q=99,0.01
Usher,https://s1.dmcdn.net/v/VmUQG1cnEiPj5k0YX/x720,0.01
Usher,https://iol-prod.appspot.com/image/a49814e14be2cdb2ccb060e3d27cf95384a11921=w700,0.01
Usher,https://img-s-msn-com.akamaized.net/tenant/amp/entityid/AA1HtEP6.img?w=1024&h=611&m=4&q=81,0.01
Usher,https://img-s-msn-com.akamaized.net/tenant/amp/entityid/AA1HoOiT.img?w=1600&h=1067&m=4&q=77,0.17
Usher,https://voiceofnaija.ng/wp-content/uploads/2025/06/images-2025-06-21T084623.257.jpeg,0.01
Usher,https://i.dailymail.co.uk/1s/2025/06/26/04/99734025-14848539-image-m-137_1750908960137.jpg,0.01
Usher,https://i.ytimg.com/vi/5dWyI9ldTbU/maxresdefault.jpg?sqp=-oaymwEoCIAKENAF8quKqQMcGADwAQH4AbYIgAKAD4oCDAgAEAEYVyBWKGUwDw==&rs=AOn4CLAFZ11uSt7j2ElCteKuymEya1DePg,0.01
Usher,https://img-s-msn-com.akamaized.net/tenant/amp/entityid/AA1HaajM.img?w=480&h=360&m=4&q=55,0.01
Usher,https://img-s-msn-com.akamaized.net/tenant/amp/entityid/AA1HtHdn.img?w=768&h=512&m=6&x=2218&y=146&s=665&d=1472,0.01
Usher,https://img-s-msn-com.akamaized.net/tenant/amp/entityid/AA1HpGK2.img?w=1200&h=630&m=4&q=79,0.01
Usher,https://img-s-msn-com.akamaized.net/tenant/amp/entityid/AA1HpGK2.img?w=768&h=403&m=6&x=416&y=79&s=233&d=233,0.01
Usher,https://www.wate.com/wp-content/uploads/sites/42/2025/06/robert-and-itha.jpg?w=900,0.01
Usher,https://img-s-msn-com.akamaized.net/tenant/amp/entityid/BB10piIP.img?w=540&h=280&q=90&m=6&f=jpg&u=t,0.72
Usher,https://media-cldnry.s-nbcnews.com/image/upload/rockcms/2023-09/usher-super-bowl-lp-today-main-230924-e82ffb.jpg,0.01
Usher,https://i.headtopics.com/images/2025/6/24/espn/cooper-flagg-the-dallas-mavericks-and-one-of-the-m-cooper-flagg-the-dallas-mavericks-and-one-of-the-m-847CFDF0AB6DE9F1DE3730F50A436C00.webp?w=640,
Usher,https://i.ytimg.com/vi/xdigIKFEG-8/0.jpg,0.01
Usher,https://i.ytimg.com/vi/rPgIgBBxwX8/maxresdefault.jpg?sqp=-oaymwEoCIAKENAF8quKqQMcGADwAQH4Ac4FgAKACooCDAgAEAEYTyBFKHIwDw==&rs=AOn4CLDtmXne9_0X8diNG4SkkBXyaNZS1g,0.01
Usher,https://img-s-msn-com.akamaized.net/tenant/amp/entityid/AA1Huj7b.img?w=636&h=358&m=4&q=81,0.01
Usher,https://sankofaonline.com/wp-content/uploads/2025/06/IMG_6844.jpeg,0.01
Usher,https://img-s-msn-com.akamaized.net/tenant/amp/entityid/AA1HaajM.img?w=480&h=360&m=6&x=189&y=57&s=73&d=73,0.01
Usher,https://mickeythemoose.com/wp-content/uploads/2025/06/PXL_20250421_173053787-copy.jpg,0.01
Usher,https://lh3.googleusercontent.com/57M9qGQcx_nP4099Za_gzD4q69bYn6k3WK3_BnToFR4zrL1Zucc2krNzX-0fCnuvKmeb1ifDoCEXPcux=w544-h544-l90-rj,0.01
Usher,https://p16-common-sign-sg.tiktokcdn-us.com/tos-alisg-p-0037/o0CEGefBIIpoQP43JCQALCnJQpj8AeHA4DMkIO~tplv-tiktokx-origin.image?dr=9636&x-expires=1750899600&x-signature=q5NXL0vQ%2BBYvA865HV%2FUh24RDZE%3D&t=4d5b0474&ps=13740610&shp=81f88b70&shcp=43f4a2f9&idc=useast8,
Usher,https://mickeythemoose.com/wp-content/uploads/2025/06/shelby_beauty_featured-copy.jpg,0.01
Usher,https://i.ytimg.com/vi/Oa4kUwduanM/maxresdefault.jpg?sqp=-oaymwEmCIAKENAF8quKqQMa8AEB-AG2CIACgA-KAgwIABABGH8gLCgfMA8=&rs=AOn4CLDPz8x2iwDXNMYjGBbn2W2jtZG8eA,0.15
Usher,https://mickeythemoose.com/wp-content/uploads/2025/06/shelby_beauty.jpg,0.01
Usher,https://i.ytimg.com/vi/f4HtSMhLrzU/maxresdefault.jpg?sqp=-oaymwEmCIAKENAF8quKqQMa8AEB-AH-CYAC0AWKAgwIABABGH8gNygXMA8=&rs=AOn4CLCd6SxY2ffjpnIukF5BVP4Gy_PsZw,0.01
Usher,https://i.pinimg.com/originals/cf/ad/13/cfad13dd6278f40764e17f7ff26b726f.jpg,0.01
Usher,https://images.unsplash.com/photo-1528747264996-5002f379b5f3?fm=jpg&q=60&w=3000&ixlib=rb-4.1.0&ixid=M3wxMjA3fDB8MHxzZWFyY2h8MTJ8fHByb2JsZW0lMjBkaXNjb3ZlcnklMjB1c2hlcnxlbnwwfHwwfHx8MA%3D%3D,0.31
Usher,https://sankofaonline.com/wp-content/smush-webp/2025/06/IMG_6844-810x480.jpeg.webp,0.01
Usher,https://i.ytimg.com/vi/Nzzzu0H7rMM/maxresdefault.jpg?sqp=-oaymwEoCIAKENAF8quKqQMcGADwAQH4AbYIgAKAD4oCDAgAEAEYOCBlKDAwDw==&rs=AOn4CLBJc3-ZiIxntS2T39xXmbJt-lgu8Q,0.01
Usher,https://i.ytimg.com/vi/i785wmWH5Mw/maxresdefault.jpg?sqp=-oaymwEoCIAKENAF8quKqQMcGADwAQH4Ac4FgAKACooCDAgAEAEYIiBXKH8wDw==&rs=AOn4CLCDKTpYjKDM8MFxt2ORi8jvwhsJRQ,0.02
Usher,https://arena-tour.fr/wp-content/uploads/2024/02/usher-concert-paris-2025-paris-nouvelle-date-1024x1024.jpg,0.01
Usher,https://i.ytimg.com/vi/ZvsM5yOAGJc/maxres2.jpg?sqp=-oaymwEoCIAKENAF8quKqQMcGADwAQH4Ac4FgAKACooCDAgAEAEYVCBlKA8wDw==&rs=AOn4CLBqs0fLEWzhi7OvDMTbz4B2gH44dg,0.01
Usher,https://www.mmm-online.com/wp-content/uploads/sites/2/2025/04/March_April_2025_cover-768x1037.png,0.99
Usher,"https://i3.cpcache.com/merchandise/103387011/53_750x750_Front_Color-NA.jpg?AttributeValue=NA&c=False&OrientationNo=1&region=%7B%22name%22:%22FrontCenter%22,%22width%22:13.33,%22height%22:13.33,%22alignment%22:%22MiddleCenter%22,%22orientation%22:1,%22dpi%22:150,%22crop_x%22:0,%22crop_y%22:0,%22crop_h%22:1950,%22crop_w%22:1950,%22scale%22:0,%22template%22:%7B%22id%22:103387011,%22params%22:%7B%7D%7D%7D&cid=PUartJBjiF%2fyg4FdKqiggQ%3d%3d+%7C%7C+TlCzXswqZ3Ye3%2bTqtLp%2f9A%3d%3d&ProductNo=1723732499",
Usher,https://i.ytimg.com/vi/II2MtAXJpKQ/maxresdefault.jpg?sqp=-oaymwEmCIAKENAF8quKqQMa8AEB-AH-CYAC0AWKAgwIABABGH8gJyg0MA8=&rs=AOn4CLDD8qn8jHzY3rYi7OWABszIHCKuyA,0.01
Usher,https://images.unsplash.com/photo-1744130108413-4a938844772b?fm=jpg&q=60&w=3000&ixlib=rb-4.1.0&ixid=M3wxMjA3fDB8MHxzZWFyY2h8OHx8aGFsbGUlMjBiYWlsZXklMjB1c2hlciUyMGNoZXJyeXxlbnwwfHwwfHx8MA%3D%3D,0.99
Usher,https://i.ytimg.com/vi/z2QD6ydMHuI/maxresdefault.jpg?sqp=-oaymwEmCIAKENAF8quKqQMa8AEB-AH-CYAC0AWKAgwIABABGFYgWShlMA8=&rs=AOn4CLBjvW2SwanjD0bWv7rSiud4OuWWSA,0.01
Usher,https://i.ytimg.com/vi/7OnbWIuHn9I/maxresdefault.jpg?sqp=-oaymwEmCIAKENAF8quKqQMa8AEB-AH-CYAC0AWKAgwIABABGGUgVyhOMA8=&rs=AOn4CLCBQLstAVoBFu1panBbYu5SjCvYYg,0.01
Usher,https://i.ytimg.com/vi/KQ4rnyjM9rM/maxresdefault.jpg?sqp=-oaymwEmCIAKENAF8quKqQMa8AEB-AH-CYAC0AWKAgwIABABGH8gRCguMA8=&rs=AOn4CLCrWCTzmLcyZdDScT7moTjppwLCfA,
Usher,https://dresstoshine.com/cdn/shop/files/GiovannaUsherSuit0710C-Royal.webp?v=1750876142,0.01
Usher,https://i.ytimg.com/vi/PtJBOBIP2bo/maxresdefault.jpg?sqp=-oaymwEmCIAKENAF8quKqQMa8AEB-AH-CYAC0AWKAgwIABABGD8gTChyMA8=&rs=AOn4CLBdUQIMfVUyGnYL5s7Fv9sBK_05jA,0.01
Usher,https://i.ytimg.com/vi/rdlLuESbtPM/maxresdefault.jpg?sqp=-oaymwEmCIAKENAF8quKqQMa8AEB-AH-CYAC0AWKAgwIABABGHIgaCggMA8=&rs=AOn4CLDV7DGuhGsDL5GI3fF8mJrQ74OfuA,0.01
Usher,https://i.ytimg.com/vi/zuf9K2m9NVQ/maxres2.jpg?sqp=-oaymwEoCIAKENAF8quKqQMcGADwAQH4AbYIgAKAD4oCDAgAEAEYRSAhKH8wDw==&rs=AOn4CLDDGBqpU1pt2p20zNAS3x1PjIUTBA,0.01
Usher,https://i.ytimg.com/vi/ARWDQMofG-M/maxresdefault.jpg,0.01
Usher,https://i.ytimg.com/vi/zz34jzWHNq4/maxresdefault.jpg,0.01
Usher,https://i.ytimg.com/vi/e0dwzjbeU60/maxresdefault.jpg?sqp=-oaymwEoCIAKENAF8quKqQMcGADwAQH4AbYIgAKAD4oCDAgAEAEYWiBZKGUwDw==&rs=AOn4CLD8y-V9U6CUbe1RiK3wy6I8BnKrMw,0.01
Usher,https://i.ytimg.com/vi/Li8tbD97uL8/maxresdefault.jpg?sqp=-oaymwEmCIAKENAF8quKqQMa8AEB-AH-CYACggWKAgwIABABGEQgUihlMA8=&rs=AOn4CLALeQpO3KK9y4TjhgTVd-Wmkl2OkQ,0.01
Usher,https://i.ytimg.com/vi/fNmeiiD1BXA/maxresdefault.jpg?sqp=-oaymwEmCIAKENAF8quKqQMa8AEB-AHOBYACgAqKAgwIABABGFYgXyhlMA8=&rs=AOn4CLAdvU4wfI6A7XrReGto24bswLvf4g,0.01
Usher,https://i.ytimg.com/vi/EkuIyzsC2Cg/maxresdefault.jpg,0.01
Usher,https://i.ytimg.com/vi/UNZNcyqnkY4/maxres2.jpg?sqp=-oaymwEoCIAKENAF8quKqQMcGADwAQH4AbYIgAKAD4oCDAgAEAEYXSA7KHIwDw==&rs=AOn4CLDDpfe1qJ8XLxDIteLnPy-Y-wjC5Q,0.01
Usher,https://i.ytimg.com/vi/wY5HSXrqPwo/maxresdefault.jpg,0.01
Usher,https://i.ytimg.com/vi/0V5YCIzDtfM/maxres2.jpg?sqp=-oaymwEoCIAKENAF8quKqQMcGADwAQH4Ad4DgALWBooCDAgAEAEYZSBdKFIwDw==&rs=AOn4CLAJqgdQz8GI9qJ_Pk7ugaleg7hHeg,0.01
Usher,https://i.ytimg.com/vi/dCc-XW6Crac/maxresdefault.jpg,0.99
Usher,https://i.ytimg.com/vi/FIDBp0ruY3o/hqdefault.jpg?sqp=-oaymwEmCOADEOgC8quKqQMa8AEB-AHUBoAC4AOKAgwIABABGGUgZShlMA8=&rs=AOn4CLC7gKr-Uxbgl1bYzDORkM1g65j4KA,0.01
Usher,https://i.ytimg.com/vi/U1ZqfQc0k7Y/maxresdefault.jpg?sqp=-oaymwEmCIAKENAF8quKqQMa8AEB-AH-CYAC0AWKAgwIABABGEYgRihZMA8=&rs=AOn4CLA42WerFedNKpcVJ69ME3QaXcLeuQ,
Usher,https://i.ytimg.com/vi/B_PC5z5oV84/maxres2.jpg?sqp=-oaymwEoCIAKENAF8quKqQMcGADwAQH4AbYIgAKAD4oCDAgAEAEYciBLKDYwDw==&rs=AOn4CLCg6qob15QgOqDOaQe9Qmx2JLijqw,0.01
Usher,https://i.ytimg.com/vi/G8sYXI098nQ/maxres2.jpg?sqp=-oaymwEoCIAKENAF8quKqQMcGADwAQH4AbYIgAKAD4oCDAgAEAEYZSBeKFUwDw==&rs=AOn4CLDvZRbHA4U-8lohIDsgv4YXF7BOdg,0.01
Usher,https://i.ytimg.com/vi/-qaktUsvsFE/maxres2.jpg?sqp=-oaymwEoCIAKENAF8quKqQMcGADwAQH4AbYIgAKAD4oCDAgAEAEYbiAmKH8wDw==&rs=AOn4CLCs57vw_F96edp6T2Z_ulwQC2wPRA,0.01
Usher,https://i.ytimg.com/vi/gmKCLjQ44NU/maxresdefault.jpg,0.01
Usher,https://i.ytimg.com/vi/ywwHDyfbBhs/maxresdefault.jpg,0.01
Usher,https://i.ytimg.com/vi/Gsm8RL3evoA/maxresdefault.jpg?v=6858ae6a,
Usher,https://i.ytimg.com/vi/CM55atQxemg/maxresdefault.jpg,0.95
Usher,https://i.ytimg.com/vi/upHI0W6y0f8/maxres2.jpg?sqp=-oaymwEoCIAKENAF8quKqQMcGADwAQH4Ac4FgAKACooCDAgAEAEYZSBdKFQwDw==&rs=AOn4CLCfCNcpVJuljkXjs4kfzQ5xKV0TEw,0.01
Usher,https://i.ytimg.com/vi/a__L0nZglas/maxres2.jpg?sqp=-oaymwEoCIAKENAF8quKqQMcGADwAQH4Ab4EgAKACIoCDAgAEAEYciBJKDgwDw==&rs=AOn4CLALHrQ-yCU5FGdEJhy05UoZAQAutg,0.01
Usher,https://lh3.googleusercontent.com/W-NITSr7k08xgUrwxba8cSJvscf9ExvP-xSXyXS3fYeD5iBGoFeWR5RHueQ8lFRQeEBYhD9MedbnWmQ,0.01
Usher,https://i.ytimg.com/vi/uHaI2RDUeLU/maxresdefault.jpg?sqp=-oaymwEmCIAKENAF8quKqQMa8AEB-AH-CYAC0AWKAgwIABABGCUgMCh_MA8=&rs=AOn4CLCjzAjxwImbQlHPvizITW3LPfIbBA,0.01
Usher,https://i.ytimg.com/vi/1UB709CBenU/hqdefault.jpg,0.01
Usher,https://i.ytimg.com/vi/N4CpynHW7Js/maxresdefault.jpg?sqp=-oaymwEmCIAKENAF8quKqQMa8AEB-AH-CYAC0AWKAgwIABABGGUgZShlMA8=&rs=AOn4CLDy_9DOcbG1eXz2HZrE3yEkH0eYjA,0.01
Usher,https://i.ytimg.com/vi/yIXh1QIoWVQ/maxres2.jpg?sqp=-oaymwEoCIAKENAF8quKqQMcGADwAQH4Ac4FgAKACooCDAgAEAEYYiBiKGIwDw==&rs=AOn4CLBroCt6x-YLQaNkj6t4K97WvB3fmg,0.01
Usher,https://i.ytimg.com/vi/1a0xXB9j8zs/maxres2.jpg?sqp=-oaymwEoCIAKENAF8quKqQMcGADwAQH4Ac4FgAKACooCDAgAEAEYZSBlKGUwDw==&rs=AOn4CLDhc4a0tZaOM0nuqJFcH6dei0lHRg,0.01
Usher,https://i.ytimg.com/vi/LLzi0iHhgus/maxres2.jpg?sqp=-oaymwEoCIAKENAF8quKqQMcGADwAQH4Ac4FgAKACooCDAgAEAEYciBQKEAwDw==&rs=AOn4CLDzw76_U8BjeOyq5w7zmGD-8mFp9g,0.01
Usher,https://i.ytimg.com/vi/3N_3_OIInBY/maxresdefault.jpg,0.97
Usher,https://i.ytimg.com/vi/9g_ED3ajTW4/maxres2.jpg?sqp=-oaymwEoCIAKENAF8quKqQMcGADwAQH4Ac4FgAKACooCDAgAEAEYUSBOKGUwDw==&rs=AOn4CLDBy8HOZPMFhC3XCSUXaG-y2P9I2Q,0.01
Usher,https://i.ytimg.com/vi/h3tCNhRtMGI/maxresdefault.jpg,0.01
Usher,https://i.ytimg.com/vi/BHgg2PVmLQ8/maxresdefault.jpg?sqp=-oaymwEmCIAKENAF8quKqQMa8AEB-AHOBYACgAqKAgwIABABGGcgZyhnMA8=&rs=AOn4CLDVEtb8PwLPCEHnyd5pe0REFPEzUw,0.01
Usher,https://i.ytimg.com/vi/5II86KAwxsg/maxresdefault.jpg,0.01
Imane Khelif,https://worldbriefings.com/news-items/images/ioc-defends-controversial-decision-to-let-boxer-imane-khelif-compete-in-paris-olympics-1722702136.jpg,0.01
Imane Khelif,https://s.iw.ro/gateway/g/ZmlsZVNvdXJjZT1odHRwcyUzQSUyRiUy/RnMuaXcucm8lMkZnYXRld2F5JTJGZyUy/RlptbHNaVk52ZFhKalpUMW9kSFJ3SlRO/QkpUSkdKVEpHJTJGYzNSdmNtRm5aVEF4/WkdsbmFYTXVjbU56TFhKa2N5NXklMkZi/eVV5Um5OMGIzSmhaMlVsTWtZeU1ESTBK/VEpHTURnbCUyRk1rWXdPU1V5UmpJd05E/UTRNVE5mTWpBME5EZ3hNMTlwJTJGYldG/dVpTMXJhR1ZzYVdZdE1qQXVhbkJuSm5j/OU9EQXclMkZKbWhoYzJnOU9ESmhNVE13/TW1VMU5UaGxOemhpWVRnMFl6Vmhaamhs/TURSbVlqWXdZMlElM0QudGh1bWIuanBn/Jnc9ODAwJmhhc2g9OTk1OWQ2MWVhNjZkNjBhODMzYzk1YzU0MmIwZWFjZmY=.thumb.jpg,0.02
Imane Khelif,https://www.baritalianews.it/wp-content/uploads/2024/09/imane.png,0.01
Imane Khelif,https://s.iw.ro/gateway/g/ZmlsZVNvdXJjZT1odHRwcyUzQSUyRiUy/RnMuaXcucm8lMkZnYXRld2F5JTJGZyUy/RlptbHNaVk52ZFhKalpUMW9kSFJ3SlRO/QkpUSkdKVEpHJTJGYzNSdmNtRm5aVEF4/WkdsbmFYTXVjbU56TFhKa2N5NXklMkZi/eVV5Um5OMGIzSmhaMlVsTWtZeU1ESTBK/VEpHTURnbCUyRk1rWXdPU1V5UmpJd05E/UTRNakJmTWpBME5EZ3lNRjlwJTJGYldG/dVpTMXJhR1ZzYVdZdE1qY3VhbkJuSm5j/OU9EQXclMkZKbWhoYzJnOU5USTRObUps/WkRjd016bGtOakV5TlRJeE5URm1PRFky/TW1KbE5EY3laV1UlM0QudGh1bWIuanBn/Jnc9ODAwJmhhc2g9M2NlZjA3MmY5ZTE4NzNkZDAwZjc4NjNkZjVmMDdjZTc=.thumb.jpg,0.01
Imane Khelif,https://www.nonsolo.tv/wp-content/uploads/2024/08/IOC-makes-final-decision-on-Imane-Khelif-gender-drama.jpg,0.01
Imane Khelif,https://www.lascimmiapensa.com/wp-content/uploads/2024/09/imane-khelif-1024x576.jpg,0.01
Imane Khelif,https://resizer.glanacion.com/resizer/v2/imane-khelif-la-boxeadora-argelina-que-genero-7ZR5MBCV65EIFCPKDW3D4ANX5Q.jpg?auth=fee4d44a803a495c929861ae84f06a54f034f02883d1ac40f50c207bf7d82118&width=420&height=280&quality=70&smart=true,0.01
Imane Khelif,"https://media-assets.vanityfair.it/photos/66b87ed2f1daab8870a233be/16:9/w_1280,c_limit/GettyImages-2166093091.jpg",0.01
Imane Khelif,https://img.mmc.com.do/elcaribe-bucket/uploads/2024/08/66abc556372f4_que-es-la-prueba-de-genero-que-fallo-imane-khelif.jpg.webp,0.01
Imane Khelif,https://algeriezoom.com/wp-content/uploads/2024/07/imane-khelif-jo-paris.jpg,0.01
Imane Khelif,https://www.in.gr/wp-content/uploads/2024/08/IMANE-KHELIF.jpg,0.01
Imane Khelif,https://www.dagospia.com/img/foto/08-2024/imane-khelif-2024551_800_q50.webp,0.01
Imane Khelif,https://larrybrownsports.com/wp-content/uploads/2024/08/imane-khelif-768x432.jpg,0.02
Imane Khelif,"https://www.usatoday.com/gcdn/authoring/authoring-images/2024/08/08/USAT/74726342007-usatsi-23929346.jpg?crop=3844,2162,x0,y0&width=3200&height=1800&format=pjpg&auto=webp",
Imane Khelif,https://www.totalprosports.com/wp-content/uploads/2024/08/Imane-Khelif-1-enh.jpg,0.01
Imane Khelif,https://images.indianexpress.com/2024/08/Imane-Khelif-2-1.jpg,0.01
Imane Khelif,https://images.supersport.com/media/rmeo1bmk/imane-khelif-ring-210803g1200.jpg?width=1140&quality=90&format=webp,0.01
Imane Khelif,https://www.thepinknews.com/wp-content/uploads/2024/08/Imane-Khelif.jpg,0.01
Imane Khelif,https://www.thepinknews.com/wp-content/uploads/2024/08/Imane-Khalif-1.jpg,0.01
Imane Khelif,https://www.spettegolando.it/wp-content/uploads/2024/08/Imane-Khelif-chi-e-Biografia-eta-altezza-peso-carriera-fidanzato-Instagram-e-vita-privata.jpg,0.01
Imane Khelif,https://thedailyguardian.com/wp-content/uploads/2024/08/photo-2024-08-16T105928.615.png,0.97
Imane Khelif,https://alfinetei.com.br/wp-content/uploads/2024/08/screenshot-2024-08-01-at-19-10-52-1024x572.webp,0.01
Imane Khelif,https://www.vesuviolive.it/wp-content/uploads/sites/6/2024/08/Angela-Carini-e-Imane-Khelif.jpeg,0.01
Imane Khelif,https://img.20mn.fr/IpiPiVZHQsyHkcUQO3uK9ik/1444x920_ireland-s-kellie-anne-harrington-right-exchanges-punches-with-algeria-s-imane-khelif-during-their-women-s-lightweight-60-kg-quarterfinal-boxing-match-at-the-2020-summer-olympics-tuesday-aug-3-2021-in-tokyo-japan-ap-photo-themba-hadebe-olygp707-21215146134578-2108030610,0.01
Imane Khelif,https://media.nbcmiami.com/2024/08/GettyImages-2164668435.jpg?quality=85&strip=all&resize=1200%2C675,0.01
Imane Khelif,https://images.ladbible.com/resize?type=webp&quality=70&width=3840&fit=contain&gravity=auto&url=https://images.ladbiblegroup.com/v3/assets/blta90d05ad41a54a71/bltb7cd1ca0adc06b3a/67169a6344b9c4150cb29913/462554150_1349448219839115_2905153607980023977_n.png,0.01
Imane Khelif,https://internewscast.com/wp-content/uploads/2024/08/rewrite-this-title-Olympic-boxer-Imane-Khelif-calls-for-end.jpg,0.01
Imane Khelif,https://static0.givemesportimages.com/wordpress/wp-content/uploads/2024/08/mixcollage-02-aug-2024-08-13-am-2369.jpg,0.01
Imane Khelif,https://e3.365dm.com/24/08/2048x1152/skynews-imane-khelif-algeria_6644714.jpg?20240802191040,0.01
Imane Khelif,https://imagez.tmz.com/image/df/16by9/2024/08/05/df8c4dd7336a4ed5a8ed7bac7e5f48f6_md.jpg,0.01
Imane Khelif,https://data.ibtimes.sg/en/full/76004/imane-khelif.jpg,
Imane Khelif,https://cdn.corrieredellosport.it/images/2024/09/23/102219807-f2005f91-2666-4adf-b534-5ac9de98f03c.jpg,0.7
Imane Khelif,https://e00-mx-marca.uecdn.es/mx/assets/multimedia/imagenes/2024/08/01/17225274332853.jpg,0.01
Imane Khelif,https://hype.my/wp-content/uploads/2024/08/imane-khelif4.jpg,0.01
Imane Khelif,https://static.wikia.nocookie.net/lgbt/images/7/7f/Imane_Khelif_Jeux_panarabes_2023.png/revision/latest?cb=20240802201939&path-prefix=es,0.01
Imane Khelif,https://www.elfinanciero.com.mx/resizer/HIwLjFVea1Wy4aNH5B9poz7Sk-s=/1600x0/filters:format(jpg):quality(70)/cloudfront-us-east-1.images.arcpublishing.com/elfinanciero/INY6YW5ZVNBUTLTCLZ2SBDOVAU.jpg,
Imane Khelif,https://www.tag24.it/wp-content/uploads/2024/07/pugile-transgender-imane-khelif-1.jpg,0.01
Imane Khelif,https://images.ladbible.com/resize?type=webp&quality=70&width=3840&fit=contain&gravity=auto&url=https://images.ladbiblegroup.com/v3/assets/bltcd74acc1d0a99f3a/blt5f6c3dc1d133ec90/66b625c1ab13f8d97790aca8/imane-khelif-prize-money-gold.png,0.01
Imane Khelif,https://content.api.news/v3/images/bin/5faae451fcf4c80782b286f6e46422d7,0.01
Imane Khelif,https://fennecfootball.com/wp-content/uploads/2023/03/Khelif-1024x576.jpg?v=1679797974,0.01
Imane Khelif,https://st.ilfattoquotidiano.it/wp-content/uploads/2024/07/31/imane-khelif-1200x630.jpg,0.94
Imane Khelif,https://www.totalprosports.com/wp-content/uploads/2024/08/Paris-Olympice-2024-Imane-Khelif-1536x845.jpg,0.01
Imane Khelif,https://www.lowkickmma.com/wp-content/uploads/2024/08/imane-khelif.jpg,0.01
Imane Khelif,https://www.dagospia.com/img/foto/09-2024/imane-khelif-alla-milano-fashion-week-2-2040407_800_q50.webp,0.01
Imane Khelif,https://d3i6fh83elv35t.cloudfront.net/static/2024/08/2024-08-03T175739Z_1126604841_UP1EK831DW1SD_RTRMADP_3_OLYMPICS-2024-BOXING-1024x681.jpg,0.01
Imane Khelif,https://tecolotito.elsiglodedurango.com.mx/i/2023/03/1160960.jpeg,0.01
